transaction_id,date,customer_id,product_id,store_id,quantity,total_amount
1,2025-02-09,164,8,1,4,1629.73
2,2025-08-04,190,18,2,1,282.22
3,2025-08-15,58,9,1,3,552.85
4,2025-04-03,174,48,5,2,280.16
5,2025-11-05,23,38,4,1,19.52
6,2025-07-21,9,2,1,1,189.52
7,2025-12-24,56,15,5,1,63.3
8,2025-02-13,155,2,5,2,460.12
9,2025-04-20,51,46,5,2,219.59
10,2025-04-15,108,15,4,2,134.0
11,2025-06-02,151,18,1,2,470.5
12,2026-01-17,195,11,4,3,681.27
13,2025-04-03,88,18,2,1,246.49
14,2025-10-16,56,49,3,4,462.25
15,2025-10-12,27,6,4,4,899.55
16,2025-06-08,25,23,3,4,1067.35
17,2025-03-01,155,17,1,3,909.81
18,2026-02-01,187,30,5,2,299.76
19,2025-12-10,32,25,1,3,1139.91
20,2025-05-23,142,19,5,3,1055.25
21,2025-09-28,93,37,2,4,874.47
22,2025-11-22,181,5,1,3,263.49
23,2025-08-12,170,15,3,1,66.13
24,2025-03-01,21,15,1,2,127.43
25,2025-11-01,98,18,4,3,707.03
26,2025-06-07,163,24,2,4,1041.2
27,2025-02-14,95,23,2,4,1064.84
28,2025-04-09,172,18,1,1,259.26
29,2025-05-23,156,41,2,4,479.66
30,2025-03-07,137,47,2,3,480.99
31,2025-09-25,42,30,4,3,487.75
32,2025-05-13,70,41,5,2,259.0
33,2025-12-18,57,44,3,2,536.37
34,2025-12-13,197,50,1,1,355.81
35,2025-11-17,59,3,3,1,16.48
36,2025-08-18,103,18,1,2,489.42
37,2025-02-05,55,37,3,2,445.69
38,2025-12-16,55,42,4,2,182.79
39,2025-12-09,102,42,4,1,89.36
40,2025-10-02,37,17,2,3,885.54
41,2025-03-09,64,48,5,4,545.49
42,2025-12-20,138,17,5,4,1330.39
43,2025-02-05,110,38,4,3,64.91
44,2025-05-06,93,15,2,4,263.73
45,2025-04-04,131,32,1,1,162.45
46,2025-08-23,194,4,1,4,1682.81
47,2025-07-24,40,41,2,4,444.56
48,2025-05-30,175,28,5,4,380.34
49,2025-09-14,17,25,4,4,1368.02
50,2025-03-20,153,30,5,1,171.19
51,2025-12-18,65,36,1,2,666.39
52,2025-06-20,175,47,1,3,454.2
53,2025-10-18,175,35,3,1,424.81
54,2025-02-11,197,42,3,1,88.99
55,2025-07-23,29,19,4,2,673.98
56,2025-06-11,41,30,1,4,631.9
57,2025-05-13,185,47,3,1,160.83
58,2025-03-11,129,49,2,3,350.05
59,2025-05-07,130,7,3,1,259.16
60,2025-09-25,164,33,5,2,606.29
61,2025-06-18,51,10,3,2,54.79
62,2025-03-08,196,11,5,1,218.79
63,2025-04-02,200,34,1,4,1090.22
64,2025-10-26,154,21,4,1,30.56
65,2025-12-14,5,8,3,2,940.21
66,2025-07-16,79,16,1,1,385.93
67,2025-04-20,62,37,1,2,522.47
68,2025-05-01,22,47,4,1,155.02
69,2025-11-24,18,49,5,4,432.16
70,2025-02-15,197,9,2,4,704.78
71,2026-01-20,169,31,5,3,1152.97
72,2025-07-04,43,17,5,1,327.92
73,2025-12-07,156,28,2,4,363.46
74,2025-03-12,139,49,2,3,323.56
75,2025-04-09,183,20,4,3,1272.91
76,2025-03-15,172,42,3,4,365.01
77,2025-05-23,113,34,4,1,256.25
78,2025-09-20,31,16,2,3,1308.92
79,2025-03-11,17,22,1,1,172.86
80,2025-11-17,151,36,2,2,611.59
81,2025-12-20,151,15,1,2,125.47
82,2025-12-28,19,46,1,1,96.04
83,2025-07-10,59,5,1,3,290.41
84,2025-09-05,85,5,5,4,351.33
85,2025-07-08,61,18,4,4,956.71
86,2025-03-20,55,35,2,4,1836.54
87,2025-06-11,186,37,5,3,741.12
88,2025-10-02,122,16,4,4,1655.62
89,2025-11-27,105,13,1,3,518.48
90,2025-02-12,25,43,4,2,688.05
91,2025-03-11,91,28,4,2,189.11
92,2025-12-01,120,47,1,2,334.3
93,2025-09-07,173,42,1,1,90.65
94,2025-08-30,16,26,3,1,420.13
95,2025-05-16,28,16,2,4,1673.93
96,2026-01-23,49,35,4,4,1826.58
97,2025-11-21,36,28,2,4,399.76
98,2025-05-04,72,30,2,3,513.14
99,2025-03-24,20,29,5,1,326.03
100,2025-11-25,26,4,5,2,922.99
101,2025-10-16,4,6,2,2,452.62
102,2026-01-13,43,27,4,2,179.79
103,2025-12-11,124,14,4,1,119.94
104,2025-03-28,16,11,4,3,635.63
105,2025-06-30,1,25,3,3,980.64
106,2025-06-18,117,19,4,2,748.9
107,2025-05-29,179,47,5,2,292.82
108,2025-04-05,170,46,4,4,424.85
109,2025-04-17,40,13,3,2,345.71
110,2025-08-30,56,4,5,3,1335.66
111,2025-02-18,189,35,1,4,1643.0
112,2026-01-31,192,21,1,3,79.9
113,2025-07-03,13,38,4,1,20.21
114,2025-08-18,129,34,2,1,280.16
115,2025-07-28,15,33,1,1,336.68
116,2025-07-01,48,5,5,2,160.32
117,2025-03-22,18,44,2,3,943.15
118,2026-01-28,104,8,5,1,444.01
119,2026-01-09,64,38,5,4,81.49
120,2026-01-27,11,40,1,1,222.89
121,2025-09-13,108,43,5,1,308.2
122,2025-08-31,145,34,3,2,479.4
123,2025-11-13,67,14,3,1,99.41
124,2025-11-14,62,17,4,4,1222.06
125,2025-02-19,34,43,3,1,334.71
126,2025-07-26,118,21,1,2,58.2
127,2025-05-25,3,30,5,2,333.95
128,2025-12-17,145,7,1,4,893.73
129,2025-03-28,138,14,5,3,351.19
130,2025-10-25,68,9,3,2,386.72
131,2025-07-13,18,16,3,4,1749.66
132,2025-03-28,73,11,4,4,893.39
133,2026-01-16,140,46,3,4,377.07
134,2025-10-06,157,42,5,3,277.98
135,2025-10-14,3,43,5,1,322.06
136,2025-10-08,77,43,1,3,960.79
137,2025-03-24,35,17,1,1,304.97
138,2025-10-23,28,48,5,2,318.73
139,2025-04-30,40,18,3,2,530.6
140,2025-11-30,155,14,3,3,366.66
141,2025-07-16,53,44,3,2,531.39
142,2025-09-12,130,32,3,3,505.71
143,2025-02-08,14,6,4,2,436.54
144,2025-07-02,71,3,1,1,16.18
145,2025-03-09,86,50,2,1,363.29
146,2025-02-03,164,17,2,1,322.42
147,2025-02-12,190,29,5,2,766.59
148,2025-08-15,181,28,5,3,260.04
149,2025-02-21,3,8,1,1,423.34
150,2025-10-15,177,10,5,2,57.17
151,2025-03-26,10,24,5,4,1037.83
152,2026-01-09,142,10,4,4,108.5
153,2025-08-22,33,3,3,2,36.06
154,2025-09-04,94,3,3,4,67.21
155,2025-05-27,54,44,2,1,269.72
156,2025-03-13,171,7,3,2,495.11
157,2026-01-26,200,36,4,1,301.06
158,2025-09-24,159,48,2,2,330.61
159,2025-03-02,61,11,2,1,216.49
160,2025-11-21,106,2,2,3,680.07
161,2025-06-09,189,22,4,1,193.04
162,2025-03-14,172,48,2,2,269.77
163,2025-07-16,69,11,1,1,207.55
164,2025-04-18,98,3,4,3,49.5
165,2026-01-09,57,13,4,1,169.57
166,2025-11-15,90,20,2,2,848.9
167,2025-05-10,58,2,2,4,871.13
168,2025-12-07,103,22,3,3,550.03
169,2025-08-10,18,50,3,2,726.68
170,2025-06-11,90,42,5,4,434.38
171,2025-08-13,103,44,5,3,775.36
172,2025-11-10,85,2,1,1,206.32
173,2025-11-24,67,12,5,3,1232.69
174,2025-05-25,68,3,1,3,51.8
175,2025-09-16,153,28,3,2,192.34
176,2025-05-23,187,21,4,4,127.01
177,2025-04-11,156,33,1,4,1239.23
178,2025-03-09,99,37,2,3,680.62
179,2025-09-16,66,3,4,4,65.11
180,2026-02-01,1,34,5,3,741.18
181,2025-07-05,176,47,2,2,277.49
182,2025-08-21,94,28,1,4,406.36
183,2025-09-06,171,22,5,1,187.96
184,2025-03-15,81,43,1,1,297.62
185,2025-06-12,185,20,5,2,860.96
186,2025-07-23,80,43,4,3,898.28
187,2026-01-21,84,26,3,4,1721.96
188,2025-03-17,142,9,2,3,582.44
189,2025-02-18,108,43,4,2,657.5
190,2025-12-01,174,48,2,4,602.51
191,2025-09-05,158,37,3,3,755.66
192,2025-06-30,104,36,1,1,338.83
193,2025-08-18,78,19,2,4,1325.28
194,2025-05-01,111,38,5,4,75.85
195,2026-02-01,168,21,4,2,51.96
196,2025-10-25,114,29,2,4,1565.01
197,2025-11-10,131,31,2,1,387.31
198,2025-10-29,169,6,3,3,752.89
199,2025-06-18,132,43,5,3,1035.42
200,2025-12-13,86,6,2,3,768.59
201,2025-09-12,173,20,2,2,727.4
202,2025-05-15,51,10,1,1,30.47
203,2025-07-03,12,16,4,3,1246.62
204,2025-11-29,157,50,1,2,802.76
205,2025-07-22,117,27,5,4,381.47
206,2026-01-31,50,46,4,3,303.04
207,2025-02-05,127,26,2,1,460.17
208,2025-08-30,38,42,1,1,107.0
209,2025-05-20,193,50,1,2,725.94
210,2025-09-16,200,28,2,2,214.44
211,2025-10-10,46,45,5,3,154.92
212,2025-11-02,119,4,5,4,1854.22
213,2025-03-12,64,8,4,2,847.76
214,2025-12-16,35,30,5,1,166.33
215,2025-10-31,144,39,3,4,86.8
216,2025-10-25,194,29,5,2,701.88
217,2026-01-26,185,33,4,4,1392.89
218,2025-07-28,141,29,2,3,1064.62
219,2025-07-09,191,31,4,2,743.98
220,2025-11-21,67,49,2,1,104.1
221,2025-04-15,164,18,5,3,758.06
222,2026-01-11,125,41,2,4,445.95
223,2025-11-21,71,29,1,1,338.33
224,2025-08-18,183,19,2,3,1141.19
225,2025-11-30,70,22,3,4,716.39
226,2025-12-31,139,6,2,2,445.26
227,2025-03-25,39,15,4,4,236.3
228,2025-06-29,178,10,2,1,30.46
229,2025-10-02,17,27,4,1,88.48
230,2025-05-19,85,35,4,2,852.51
231,2025-09-30,107,4,2,2,898.35
232,2025-10-21,108,25,5,1,327.13
233,2025-03-20,179,2,5,3,688.7
234,2025-05-11,98,31,1,4,1729.92
235,2025-04-03,91,20,4,3,1182.95
236,2025-07-29,108,35,5,2,913.17
237,2025-09-05,155,15,4,3,201.69
238,2025-10-28,57,18,4,4,1094.56
239,2025-05-01,125,2,4,1,230.09
240,2026-01-24,87,43,4,2,624.83
241,2025-12-21,186,11,4,3,571.71
242,2025-06-18,33,40,5,3,770.7
243,2025-12-30,7,26,5,2,949.53
244,2025-03-13,145,43,1,1,318.96
245,2025-09-15,22,42,4,4,372.53
246,2025-03-11,35,30,2,4,697.41
247,2025-07-27,13,17,4,2,606.72
248,2025-03-10,84,14,4,4,404.83
249,2025-11-12,84,22,4,1,200.11
250,2025-05-26,72,49,4,4,475.36
251,2025-12-16,65,6,4,1,262.14
252,2025-12-21,5,48,5,4,618.46
253,2025-03-13,14,23,2,3,868.34
254,2025-11-17,167,5,1,2,180.62
255,2026-01-03,194,2,2,4,798.22
256,2025-04-01,52,2,5,3,586.69
257,2025-10-28,40,16,2,3,1158.61
258,2025-08-01,122,43,1,2,575.54
259,2025-07-06,145,14,4,2,206.34
260,2025-06-14,180,17,3,3,996.15
261,2025-10-08,43,39,5,3,74.36
262,2025-07-11,192,46,1,3,296.95
263,2025-03-12,200,11,3,3,553.93
264,2025-10-17,28,38,1,2,42.73
265,2025-02-13,80,37,4,3,669.58
266,2025-02-14,102,46,2,2,202.55
267,2025-09-22,20,38,2,1,18.49
268,2026-01-21,27,45,3,4,197.86
269,2026-02-01,176,39,1,3,62.92
270,2025-04-16,145,3,3,1,19.94
271,2025-12-17,137,28,3,4,398.15
272,2025-09-11,18,33,3,1,301.54
273,2025-08-16,4,27,4,4,402.67
274,2025-10-01,28,28,3,4,369.64
275,2025-02-18,163,30,2,4,604.08
276,2025-08-13,112,12,5,2,871.84
277,2025-08-30,167,18,5,2,575.2
278,2025-07-26,138,50,4,1,365.31
279,2025-10-10,120,28,5,3,296.15
280,2025-02-08,69,21,2,1,25.87
281,2025-06-15,23,18,4,3,776.1
282,2025-03-31,63,49,4,3,324.61
283,2025-09-15,146,40,4,1,256.31
284,2025-05-11,87,2,4,1,228.18
285,2025-10-30,84,12,4,3,1365.77
286,2025-04-17,55,23,3,4,1151.95
287,2025-07-26,88,18,5,2,487.59
288,2025-02-28,180,18,5,3,856.01
289,2025-09-25,3,34,2,4,1010.61
290,2025-02-22,22,16,4,3,1208.1
291,2025-04-26,126,36,2,2,692.4
292,2025-10-16,177,31,4,2,847.5
293,2025-02-16,115,2,1,2,396.08
294,2025-12-18,76,15,4,1,64.94
295,2025-02-13,178,16,3,2,886.42
296,2025-08-28,170,38,3,3,66.95
297,2025-06-26,122,36,5,1,347.4
298,2025-04-21,89,28,5,3,312.29
299,2025-08-19,85,23,4,3,856.26
300,2025-08-01,70,20,3,4,1765.48
301,2025-03-19,60,8,2,3,1309.88
302,2025-08-26,81,8,5,3,1205.73
303,2025-09-25,196,45,2,4,218.64
304,2025-07-17,50,14,4,4,442.48
305,2025-12-17,71,47,5,2,309.61
306,2025-05-29,195,34,5,2,546.94
307,2025-04-06,73,7,2,1,221.7
308,2025-11-05,76,15,3,2,130.68
309,2026-01-05,46,20,1,2,892.4
310,2025-07-17,182,35,2,4,1811.16
311,2025-09-06,71,3,1,1,19.9
312,2025-10-26,142,19,2,2,740.53
313,2025-03-14,164,49,4,1,99.85
314,2025-03-19,27,1,5,4,972.32
315,2025-12-08,73,31,4,2,729.1
316,2025-07-12,113,22,2,2,382.92
317,2025-10-01,14,17,4,4,1090.23
318,2025-09-14,30,5,4,1,97.52
319,2025-04-19,126,5,5,4,348.17
320,2025-05-15,162,44,1,2,629.01
321,2025-05-02,39,10,5,2,61.5
322,2025-06-24,78,6,2,2,431.81
323,2025-12-03,31,36,4,4,1348.83
324,2025-06-04,156,39,5,2,46.68
325,2025-04-15,58,50,5,3,1137.08
326,2025-03-14,98,29,4,2,784.09
327,2025-12-26,77,38,4,2,41.55
328,2025-04-26,79,37,5,2,491.0
329,2025-02-08,16,40,1,3,761.24
330,2025-12-12,196,14,2,2,219.3
331,2025-02-04,68,43,1,3,951.74
332,2026-01-29,41,16,2,2,743.79
333,2025-02-13,142,5,2,3,278.65
334,2025-02-26,1,27,4,1,99.12
335,2025-06-28,177,39,4,3,68.13
336,2025-07-24,75,3,2,4,78.3
337,2025-12-07,74,46,3,3,283.96
338,2025-11-28,180,30,1,2,298.59
339,2025-08-31,176,15,3,2,120.96
340,2025-12-10,161,38,2,1,20.18
341,2025-08-22,109,8,5,3,1367.96
342,2025-05-05,58,42,2,2,176.54
343,2026-01-20,69,10,1,3,87.72
344,2026-01-17,16,11,3,1,218.15
345,2025-02-25,153,48,5,4,614.03
346,2025-09-09,74,29,1,4,1514.95
347,2025-07-03,120,45,3,2,120.1
348,2025-05-08,180,26,3,1,438.15
349,2025-05-29,129,35,4,2,872.46
350,2025-04-08,113,6,5,3,785.47
351,2025-10-21,11,28,3,3,275.68
352,2025-08-06,155,17,1,2,583.5
353,2025-06-12,24,15,5,1,62.34
354,2025-02-22,151,2,3,3,597.32
355,2025-11-10,148,3,2,4,70.8
356,2025-04-29,121,34,4,2,483.1
357,2026-01-01,72,12,5,2,788.83
358,2025-12-23,112,41,4,2,237.46
359,2025-12-16,24,31,3,2,843.46
360,2025-05-23,105,22,3,2,362.0
361,2025-04-26,172,7,2,2,437.6
362,2025-06-26,85,27,4,3,277.8
363,2025-03-01,74,43,4,2,680.97
364,2025-10-20,195,36,1,3,1001.15
365,2025-07-15,117,6,3,1,226.37
366,2025-11-15,65,21,1,3,94.24
367,2025-05-30,198,26,5,2,855.04
368,2025-05-05,1,43,5,2,654.54
369,2026-01-28,119,27,1,1,95.55
370,2025-10-23,49,34,3,3,846.24
371,2025-12-11,160,49,4,4,424.38
372,2025-11-12,161,29,1,1,365.85
373,2025-07-26,53,18,5,1,261.28
374,2025-12-03,34,19,4,1,366.85
375,2025-12-10,179,32,1,4,669.86
376,2025-05-20,8,41,5,3,326.03
377,2026-01-01,62,46,2,2,193.02
378,2025-11-21,80,36,1,4,1178.72
379,2025-02-02,142,27,1,3,272.16
380,2025-10-04,58,8,4,3,1261.54
381,2025-07-30,31,42,2,2,205.34
382,2025-11-04,128,46,3,1,104.87
383,2025-10-10,131,46,3,3,282.12
384,2025-09-06,107,31,4,2,861.18
385,2025-03-12,63,30,5,3,473.88
386,2025-07-29,38,25,2,3,1128.67
387,2026-01-07,154,33,2,3,888.63
388,2025-11-29,18,18,4,4,1084.6
389,2025-09-23,88,33,3,4,1374.03
390,2026-01-08,1,19,3,1,368.83
391,2025-07-08,151,38,4,4,76.09
392,2025-04-28,39,29,5,3,1118.32
393,2025-12-09,124,23,3,3,882.64
394,2025-05-26,142,49,5,2,224.78
395,2025-06-17,97,30,3,3,509.12
396,2025-04-18,49,45,2,3,182.51
397,2025-11-30,147,25,2,4,1508.01
398,2025-06-28,199,27,1,3,300.13
399,2025-03-26,82,48,4,4,617.01
400,2025-05-02,181,25,4,2,750.99
401,2025-08-12,170,42,2,2,189.13
402,2025-07-12,127,3,2,1,20.06
403,2025-10-28,129,38,3,1,18.37
404,2025-07-10,26,29,1,1,326.42
405,2025-05-10,135,30,1,1,176.93
406,2025-06-13,185,10,4,2,58.16
407,2025-04-24,168,10,1,1,31.44
408,2026-01-06,121,17,3,1,322.45
409,2026-01-11,160,45,4,2,112.14
410,2025-05-01,167,6,3,1,231.05
411,2025-04-18,173,35,4,2,854.86
412,2025-12-14,82,41,4,1,117.58
413,2025-12-03,139,3,5,4,70.29
414,2025-05-14,18,16,3,2,835.89
415,2025-05-22,59,48,1,2,306.4
416,2025-10-24,112,7,1,3,728.07
417,2025-12-26,114,11,3,4,894.75
418,2025-05-29,8,3,3,1,17.44
419,2025-02-13,15,19,3,1,342.95
420,2025-11-21,96,28,2,3,292.23
421,2025-10-30,63,34,4,3,814.82
422,2025-12-24,145,44,2,2,596.24
423,2025-02-22,44,12,1,3,1253.97
424,2026-01-03,157,25,5,3,984.63
425,2025-11-09,175,16,4,4,1795.69
426,2025-10-30,150,10,2,4,129.32
427,2025-11-03,119,41,3,2,220.23
428,2025-03-25,118,17,1,2,576.56
429,2025-09-28,120,19,5,4,1415.56
430,2025-06-25,41,5,4,2,184.17
431,2025-06-27,89,38,3,2,38.39
432,2025-06-13,164,28,3,2,177.13
433,2025-10-22,117,20,2,3,1307.58
434,2025-03-12,99,31,1,1,362.32
435,2025-12-10,61,25,5,1,368.2
436,2025-11-26,92,37,3,4,1056.67
437,2025-10-22,180,19,1,2,709.51
438,2025-07-24,169,26,3,2,811.88
439,2025-06-22,3,37,1,3,740.61
440,2025-11-05,156,48,4,2,304.68
441,2025-02-27,74,50,2,1,381.79
442,2025-06-02,156,23,2,1,291.91
443,2025-07-03,163,13,5,4,724.87
444,2026-01-14,65,44,2,1,271.83
445,2025-07-03,161,7,1,3,777.57
446,2025-07-18,80,29,1,2,764.12
447,2025-07-15,149,24,2,2,547.48
448,2025-10-01,24,19,3,1,324.96
449,2025-05-20,192,27,2,2,192.1
450,2025-06-30,52,9,5,1,164.97
451,2025-11-21,94,34,5,3,723.4
452,2025-07-11,70,11,3,3,585.89
453,2025-04-20,124,19,3,1,358.2
454,2025-10-13,30,30,1,1,185.2
455,2025-11-19,37,49,2,3,342.81
456,2025-12-21,174,47,4,2,299.22
457,2025-07-18,143,24,1,1,288.54
458,2025-11-08,102,1,3,4,1165.97
459,2025-04-10,138,8,4,2,845.13
460,2025-11-16,95,44,3,3,904.69
461,2025-03-09,150,25,3,4,1497.94
462,2025-07-15,28,44,2,3,834.28
463,2026-01-20,121,2,5,3,612.52
464,2025-08-16,144,21,5,1,29.07
465,2025-06-11,57,42,1,4,420.51
466,2025-02-28,163,30,3,4,674.28
467,2025-09-19,167,27,1,4,399.49
468,2025-11-28,36,3,1,1,17.91
469,2026-01-09,78,32,1,2,279.03
470,2025-07-23,25,16,5,2,795.05
471,2025-11-19,35,25,4,2,716.89
472,2025-05-28,95,43,5,4,1284.15
473,2025-03-09,108,38,2,1,18.76
474,2025-11-15,107,42,1,3,276.0
475,2025-08-28,126,40,4,2,424.74
476,2025-06-02,72,3,3,3,57.33
477,2025-06-26,56,29,4,4,1482.29
478,2025-02-04,61,24,1,4,1077.93
479,2025-11-07,176,24,5,4,1223.45
480,2025-05-30,166,23,1,1,281.87
481,2025-10-07,102,18,2,4,978.32
482,2025-11-14,32,30,1,1,151.97
483,2025-09-20,170,14,5,4,406.63
484,2025-10-31,6,4,3,4,1797.62
485,2025-09-15,63,9,5,1,159.36
486,2025-07-02,53,5,5,2,173.44
487,2026-01-28,54,38,2,1,19.52
488,2025-10-08,60,22,2,1,180.79
489,2025-12-21,153,1,3,4,1035.55
490,2025-07-05,38,9,5,4,769.64
491,2025-10-21,65,12,1,3,1354.55
492,2025-06-24,170,2,2,2,429.31
493,2025-10-03,4,23,2,2,535.66
494,2025-03-22,151,21,1,2,58.4
495,2025-11-19,45,17,1,2,652.95
496,2025-07-09,33,48,4,2,318.77
497,2026-01-03,135,8,1,3,1258.19
498,2025-04-15,122,29,3,3,1049.29
499,2025-04-08,132,38,1,3,63.27
500,2025-08-26,116,33,2,4,1344.51
501,2025-10-25,158,3,5,1,18.38
502,2025-10-12,78,30,1,2,320.34
503,2025-05-07,16,31,4,2,716.78
504,2026-01-03,110,44,1,2,610.29
505,2025-02-26,126,46,4,1,102.24
506,2025-02-26,19,6,3,3,795.48
507,2025-02-13,156,10,1,4,108.03
508,2025-05-04,33,18,5,1,284.51
509,2025-02-21,163,38,5,2,38.43
510,2025-07-11,183,21,4,1,25.84
511,2025-06-11,153,34,3,4,995.21
512,2025-11-15,117,33,5,3,1006.49
513,2025-10-25,111,7,1,1,216.82
514,2025-10-26,168,42,5,2,177.73
515,2025-03-29,185,14,4,3,368.21
516,2025-04-25,116,15,4,1,57.83
517,2025-12-27,87,30,4,4,639.12
518,2025-10-22,107,47,1,4,634.04
519,2025-05-09,81,28,3,4,398.19
520,2025-03-13,171,17,3,1,283.28
521,2025-12-06,40,44,4,1,292.17
522,2025-06-05,18,6,1,2,472.94
523,2025-04-05,24,28,1,1,104.99
524,2025-04-04,191,48,3,4,556.44
525,2025-02-08,34,36,1,3,963.12
526,2025-02-15,151,36,5,3,1032.83
527,2025-04-28,85,43,1,1,281.13
528,2025-04-04,106,23,4,3,788.74
529,2025-09-19,185,4,3,3,1291.86
530,2025-12-12,154,20,3,4,1627.16
531,2025-04-07,27,37,5,1,213.56
532,2025-10-01,55,10,4,1,32.6
533,2026-01-05,58,7,3,1,264.98
534,2025-07-15,143,24,1,1,252.71
535,2025-08-08,196,18,5,3,770.17
536,2025-12-06,58,28,5,4,352.21
537,2025-11-10,197,40,5,2,430.28
538,2025-03-25,173,42,5,4,414.99
539,2025-09-21,7,39,3,3,66.69
540,2025-03-15,8,12,3,1,467.55
541,2025-05-25,180,49,3,1,99.84
542,2025-06-01,87,23,1,1,294.11
543,2025-06-11,47,10,5,4,106.83
544,2025-05-09,169,26,1,2,973.38
545,2025-09-21,37,48,1,1,160.02
546,2025-10-06,24,48,5,2,290.94
547,2025-09-03,56,25,4,4,1363.04
548,2026-01-10,117,22,2,4,782.95
549,2025-04-11,95,20,3,4,1789.67
550,2025-04-29,199,37,5,1,215.46
551,2025-08-20,22,4,2,1,446.04
552,2025-05-21,41,49,5,3,297.26
553,2025-07-03,13,44,1,1,313.18
554,2025-11-05,70,29,4,4,1383.25
555,2025-09-17,125,39,4,3,75.75
556,2025-08-31,107,18,2,3,827.14
557,2025-03-24,194,33,1,3,972.9
558,2025-10-20,89,28,1,2,207.58
559,2025-02-09,73,44,5,4,1118.21
560,2025-05-23,125,34,3,4,1029.38
561,2026-01-04,12,15,4,3,200.29
562,2026-01-27,154,4,1,1,467.63
563,2025-03-22,53,20,2,4,1655.76
564,2025-04-20,197,9,3,1,183.35
565,2025-05-31,75,21,1,2,62.98
566,2025-10-25,2,32,4,1,142.02
567,2026-01-14,45,9,4,4,649.71
568,2025-10-28,137,46,2,1,115.17
569,2025-11-16,129,36,3,4,1354.66
570,2025-02-12,19,26,1,2,856.5
571,2025-08-03,112,2,4,1,205.52
572,2025-12-13,20,21,5,2,57.11
573,2025-05-26,110,37,4,2,454.97
574,2025-09-02,182,41,4,4,443.76
575,2025-07-25,75,8,4,1,452.63
576,2025-06-03,6,21,2,4,111.07
577,2025-03-12,159,30,3,1,158.12
578,2025-02-19,23,28,1,1,102.17
579,2025-06-30,63,28,5,2,208.07
580,2026-01-27,103,34,1,2,544.53
581,2025-09-25,102,20,3,4,1498.76
582,2025-04-28,57,22,2,2,399.67
583,2025-02-23,20,33,1,4,1188.73
584,2025-10-17,136,33,2,1,344.38
585,2025-11-11,199,23,3,2,501.42
586,2025-04-30,187,42,2,4,414.59
587,2025-07-22,61,7,2,1,245.25
588,2025-08-04,66,13,2,3,512.74
589,2025-02-20,155,10,1,3,92.16
590,2025-11-23,46,50,4,4,1523.78
591,2025-06-09,119,49,5,1,101.25
592,2026-01-29,195,38,4,2,36.02
593,2025-06-10,175,37,5,4,1006.32
594,2025-05-16,83,41,3,3,348.99
595,2026-01-29,39,29,1,2,667.92
596,2025-02-11,121,29,3,1,375.99
597,2025-09-20,71,38,1,3,56.44
598,2025-05-24,91,33,1,1,333.6
599,2025-04-28,80,30,4,2,353.55
600,2025-03-27,10,4,3,4,1783.98
601,2025-02-15,74,5,1,1,99.03
602,2025-02-21,158,39,5,3,72.49
603,2025-09-12,99,30,5,3,497.95
604,2025-08-31,142,48,1,1,136.79
605,2025-05-23,116,37,2,1,247.16
606,2025-02-25,83,39,4,2,46.67
607,2025-11-21,129,10,1,2,57.82
608,2026-01-26,116,7,3,1,215.27
609,2025-10-19,183,6,5,4,1024.54
610,2025-02-21,166,12,1,1,432.83
611,2025-02-05,64,46,4,1,108.67
612,2025-09-05,113,34,5,1,261.07
613,2025-03-28,157,11,3,4,841.86
614,2025-10-13,96,19,4,4,1458.38
615,2025-04-24,105,50,3,3,1052.5
616,2025-04-02,174,39,1,3,68.55
617,2025-08-31,162,42,3,2,205.66
618,2025-04-18,17,22,1,2,399.45
619,2025-05-29,143,44,4,3,914.64
620,2025-02-20,73,17,5,4,1170.83
621,2026-01-17,39,22,1,3,569.54
622,2025-06-27,150,43,2,3,887.44
623,2025-10-10,90,20,4,4,1699.04
624,2025-12-11,34,39,1,4,87.36
625,2025-07-12,80,36,4,1,337.29
626,2025-06-29,165,22,2,4,670.02
627,2025-08-18,172,45,5,3,179.14
628,2025-04-17,24,42,4,3,300.37
629,2025-12-23,131,24,1,1,280.74
630,2025-06-19,93,20,2,2,747.2
631,2025-05-19,55,22,4,1,183.85
632,2025-05-30,50,15,2,1,65.58
633,2026-02-01,40,5,3,3,296.06
634,2025-03-08,26,33,5,2,621.17
635,2025-04-11,190,34,1,1,254.33
636,2025-03-22,170,22,5,1,178.73
637,2025-10-20,34,39,4,4,83.99
638,2025-10-19,40,11,2,2,436.37
639,2025-06-10,178,50,5,4,1554.42
640,2025-12-24,43,47,4,1,140.51
641,2025-12-14,12,27,3,4,355.21
642,2025-03-04,174,47,2,4,629.36
643,2025-03-09,114,40,3,1,210.93
644,2026-01-31,193,48,4,2,284.03
645,2025-09-09,60,35,2,3,1238.78
646,2025-09-09,80,31,2,2,735.89
647,2026-01-03,95,44,5,4,1202.91
648,2025-05-18,113,30,3,1,177.36
649,2025-03-17,200,25,5,1,361.77
650,2025-08-04,136,27,2,3,261.72
651,2025-10-09,52,39,2,3,63.08
652,2025-08-16,65,4,4,2,829.09
653,2025-02-08,96,36,1,2,712.73
654,2025-07-11,183,34,1,4,1037.05
655,2025-06-24,73,6,2,4,1055.02
656,2025-07-05,70,29,5,4,1521.31
657,2025-06-23,38,28,1,1,96.57
658,2025-02-22,57,29,3,2,658.54
659,2025-04-29,7,27,1,2,180.0
660,2025-12-03,102,33,3,3,950.09
661,2026-01-08,61,25,1,4,1601.79
662,2025-07-12,96,15,1,2,131.78
663,2025-12-25,82,7,3,2,487.39
664,2025-04-23,38,9,1,4,649.84
665,2026-01-21,74,31,2,4,1635.68
666,2025-07-20,195,46,4,3,330.6
667,2025-02-18,115,40,1,2,423.19
668,2025-08-18,21,2,3,2,421.62
669,2026-01-08,56,10,5,1,32.4
670,2025-05-24,187,39,5,1,23.72
671,2025-05-10,109,8,3,4,1719.32
672,2025-06-06,61,20,1,3,1223.09
673,2026-01-11,13,16,4,3,1233.46
674,2025-04-01,164,40,4,2,516.13
675,2025-10-02,17,8,4,3,1314.48
676,2025-03-05,153,35,1,3,1421.12
677,2025-07-05,162,33,5,3,1049.26
678,2025-09-03,62,46,2,3,295.28
679,2025-09-02,75,28,1,3,314.53
680,2025-05-04,158,23,2,2,504.43
681,2025-07-19,147,27,2,2,204.03
682,2025-04-08,171,43,1,1,286.95
683,2025-03-17,135,24,1,1,269.99
684,2025-09-16,135,35,5,2,850.15
685,2025-11-07,130,36,1,1,319.82
686,2025-08-17,100,31,1,3,1089.82
687,2025-10-27,163,25,3,2,660.09
688,2025-11-25,65,48,1,4,567.3
689,2025-04-14,92,5,3,3,278.2
690,2025-09-27,62,47,1,4,610.88
691,2025-12-14,198,38,3,4,81.89
692,2025-10-22,35,3,3,4,78.06
693,2025-10-18,140,22,2,3,514.38
694,2025-03-13,200,44,4,2,523.27
695,2025-06-10,179,31,2,3,1086.86
696,2025-05-13,35,5,4,4,371.86
697,2025-05-19,10,19,2,1,346.19
698,2025-10-05,12,13,1,3,582.52
699,2025-02-13,81,20,5,3,1212.27
700,2025-02-17,102,35,4,1,429.53
701,2025-02-22,65,3,2,2,37.24
702,2025-10-19,74,23,1,4,1161.94
703,2025-09-12,168,22,3,3,500.59
704,2025-11-11,32,24,4,1,280.38
705,2026-01-20,103,48,4,4,626.05
706,2025-07-05,99,22,2,2,351.11
707,2025-09-16,128,45,4,1,53.51
708,2025-10-24,95,34,3,4,1121.39
709,2025-06-15,22,47,4,3,482.42
710,2026-01-31,21,28,5,4,370.77
711,2025-09-05,47,35,3,2,937.13
712,2025-04-18,83,7,1,4,967.14
713,2025-11-05,84,43,3,4,1352.97
714,2025-08-10,79,29,5,1,336.81
715,2025-07-31,184,28,2,2,186.84
716,2026-01-05,177,29,3,2,733.02
717,2025-11-07,115,3,3,4,73.57
718,2025-11-01,158,28,3,1,103.27
719,2026-01-17,164,4,1,3,1199.34
720,2025-11-17,172,41,4,4,501.04
721,2025-04-08,94,33,2,3,1033.36
722,2025-07-07,8,10,5,3,82.06
723,2025-08-21,174,29,1,4,1343.19
724,2025-10-06,33,5,2,3,244.31
725,2025-04-09,200,42,3,4,426.3
726,2025-12-01,93,25,5,2,703.03
727,2025-02-22,9,39,2,3,72.59
728,2025-11-30,174,29,3,4,1569.16
729,2025-03-12,96,29,1,1,380.38
730,2025-12-31,147,9,5,3,504.61
731,2025-09-14,94,26,3,2,922.13
732,2025-05-03,167,18,2,2,512.6
733,2025-03-11,30,2,2,2,457.33
734,2025-12-26,128,34,4,2,499.38
735,2025-03-03,144,8,3,3,1201.5
736,2025-04-26,199,17,4,1,270.52
737,2026-01-11,55,40,3,2,509.91
738,2025-09-04,178,32,2,2,334.53
739,2025-04-25,32,9,1,2,387.77
740,2025-11-03,116,12,4,1,456.54
741,2025-07-24,23,44,3,3,876.01
742,2025-04-15,171,23,1,3,826.17
743,2025-06-02,141,35,3,4,1802.64
744,2025-06-01,77,11,2,2,380.28
745,2025-07-15,93,33,2,4,1253.45
746,2025-10-24,32,13,2,4,726.55
747,2025-12-06,61,32,1,1,166.1
748,2025-12-07,93,36,5,3,922.15
749,2026-01-01,95,30,5,2,341.51
750,2025-04-10,34,40,1,4,1006.17
751,2026-01-28,17,20,4,1,411.98
752,2025-06-01,184,47,4,3,468.9
753,2025-02-17,135,27,4,1,103.89
754,2025-07-09,148,5,2,4,366.15
755,2025-04-06,82,42,1,2,212.68
756,2025-10-14,116,30,5,1,150.88
757,2025-11-04,89,9,5,1,181.58
758,2025-08-21,164,38,2,1,18.11
759,2025-03-08,197,9,4,1,160.48
760,2025-04-07,129,4,1,4,1698.16
761,2025-12-30,133,10,3,2,58.11
762,2025-03-20,43,11,3,3,637.11
763,2025-02-27,182,15,3,4,248.12
764,2025-09-21,133,19,1,1,361.08
765,2025-11-04,65,13,5,1,187.02
766,2025-06-13,71,9,3,3,534.47
767,2025-03-01,158,35,1,4,1705.19
768,2025-04-09,129,42,2,2,186.71
769,2025-07-13,152,38,2,3,63.92
770,2025-10-16,44,43,5,4,1299.18
771,2025-10-21,185,39,3,2,43.22
772,2025-04-03,145,3,1,4,74.0
773,2025-11-11,21,3,5,4,68.13
774,2026-01-29,68,42,2,1,97.47
775,2025-05-21,197,37,4,1,246.05
776,2025-06-23,159,41,1,3,352.64
777,2026-01-07,128,41,5,4,485.35
778,2025-08-09,75,42,3,2,212.61
779,2025-08-10,124,16,4,4,1471.21
780,2026-01-20,77,30,1,2,331.41
781,2025-10-04,177,4,2,1,396.45
782,2025-05-18,113,27,4,3,260.55
783,2025-09-22,119,14,3,1,118.63
784,2025-12-03,156,10,3,1,31.57
785,2025-11-05,184,21,3,3,94.16
786,2025-08-03,103,9,3,1,159.1
787,2025-08-12,132,36,1,3,882.55
788,2025-12-31,82,16,4,3,1168.46
789,2025-02-02,32,18,4,4,1019.39
790,2025-12-30,64,10,1,4,128.62
791,2025-05-21,13,19,4,4,1457.8
792,2025-11-29,158,27,2,2,212.81
793,2025-10-09,41,21,5,1,25.74
794,2026-01-14,185,21,2,2,52.11
795,2025-09-04,196,11,4,1,212.46
796,2026-01-05,132,30,4,2,305.54
797,2025-07-12,79,32,1,3,481.58
798,2025-06-28,24,26,5,3,1308.64
799,2025-04-26,118,16,2,1,370.93
800,2025-10-02,150,23,1,3,847.88
801,2025-10-17,13,19,4,3,1086.68
802,2025-08-22,153,42,4,2,214.1
803,2025-10-25,74,35,1,2,901.52
804,2025-05-30,28,28,2,1,99.11
805,2025-03-01,68,47,3,3,478.81
806,2025-07-06,196,26,3,1,483.94
807,2025-07-17,12,26,1,3,1342.7
808,2025-11-24,146,36,2,2,583.54
809,2025-10-27,93,36,3,3,970.7
810,2025-12-09,19,25,5,1,354.66
811,2026-01-24,116,49,5,1,117.02
812,2025-06-08,72,40,5,3,694.65
813,2025-11-22,31,9,1,4,692.89
814,2025-05-19,101,24,3,2,541.59
815,2025-04-15,143,24,2,1,298.95
816,2025-03-03,51,39,5,4,85.88
817,2025-11-16,103,33,1,3,981.28
818,2025-07-23,12,3,2,3,57.37
819,2025-02-24,183,22,4,4,784.1
820,2025-07-11,133,30,2,2,324.52
821,2025-05-30,156,33,2,4,1291.57
822,2025-07-18,84,40,3,2,432.02
823,2025-02-08,42,26,5,4,1597.11
824,2025-12-19,190,20,5,1,443.68
825,2025-11-03,87,33,5,1,332.03
826,2025-06-07,137,32,5,3,445.28
827,2025-11-22,77,31,1,4,1595.15
828,2025-07-27,95,22,1,4,734.48
829,2025-12-19,107,38,3,3,63.18
830,2026-02-01,186,45,1,2,110.69
831,2026-01-11,153,31,3,3,1177.17
832,2025-03-18,168,50,5,4,1347.29
833,2026-01-30,148,15,1,4,246.49
834,2025-03-24,150,31,2,2,746.91
835,2025-06-06,135,41,5,3,355.84
836,2025-06-03,199,25,2,1,352.32
837,2025-06-05,175,16,1,1,407.64
838,2025-06-15,147,45,1,4,246.51
839,2025-08-21,49,2,4,1,192.17
840,2025-04-01,81,27,2,3,267.45
841,2025-05-21,106,45,2,4,214.21
842,2025-04-10,106,33,5,1,305.34
843,2025-12-03,121,48,1,1,150.62
844,2026-01-09,181,9,5,1,190.84
845,2025-03-15,54,36,3,2,619.56
846,2025-03-24,170,31,5,2,702.65
847,2025-02-22,97,21,2,4,124.28
848,2025-12-22,118,35,3,3,1214.93
849,2025-11-08,140,23,3,1,264.43
850,2025-05-23,157,31,2,2,777.33
851,2025-11-01,64,18,5,3,843.82
852,2025-05-16,77,15,3,2,127.58
853,2025-10-09,198,19,2,3,982.65
854,2026-01-08,177,46,4,4,378.22
855,2025-06-26,82,31,3,1,393.35
856,2025-06-28,144,47,3,3,503.14
857,2025-05-29,74,8,5,2,920.14
858,2025-07-24,174,35,4,3,1420.49
859,2025-06-30,102,23,2,2,570.09
860,2025-02-06,75,3,3,1,18.81
861,2025-03-19,183,6,3,2,528.28
862,2025-02-18,114,42,3,3,293.2
863,2025-12-02,192,31,2,4,1552.77
864,2026-01-19,52,35,3,2,892.31
865,2025-10-09,144,45,3,4,211.51
866,2025-09-05,36,7,5,3,703.09
867,2025-08-23,190,38,2,4,80.72
868,2025-10-01,63,4,5,1,457.26
869,2025-09-08,58,41,2,2,234.88
870,2025-07-26,14,7,4,3,735.93
871,2026-02-01,85,46,4,3,294.97
872,2025-12-27,26,44,2,4,1226.81
873,2026-01-04,2,36,2,1,352.52
874,2026-01-19,105,42,4,4,355.87
875,2025-11-22,123,42,2,3,292.25
876,2025-02-14,194,19,3,3,1082.12
877,2025-11-15,74,42,1,3,264.06
878,2025-02-23,197,6,5,1,215.34
879,2025-12-21,60,35,1,2,880.35
880,2025-12-18,45,27,2,2,199.47
881,2025-08-24,10,26,4,2,855.54
882,2025-03-08,48,48,3,4,600.74
883,2025-09-11,10,1,3,3,905.66
884,2025-10-23,146,39,1,2,49.06
885,2025-12-25,86,19,4,2,625.94
886,2025-04-07,165,35,5,4,1880.06
887,2025-02-02,127,9,5,3,490.7
888,2025-09-21,120,18,2,4,1099.41
889,2025-06-09,29,22,2,1,191.07
890,2025-07-15,188,30,3,3,513.91
891,2025-05-16,184,12,1,3,1270.03
892,2025-10-19,189,22,3,2,322.68
893,2025-04-17,146,44,2,3,862.32
894,2025-08-08,45,40,4,1,256.49
895,2025-11-18,110,33,3,1,364.21
896,2025-06-04,23,26,1,2,848.85
897,2025-06-26,48,9,4,3,573.52
898,2025-06-25,83,16,1,2,738.06
899,2025-02-14,67,25,2,4,1385.08
900,2025-11-18,115,49,3,3,321.36
901,2025-09-04,85,20,5,2,744.88
902,2025-03-28,186,37,1,3,642.25
903,2025-09-20,67,42,3,1,106.04
904,2025-09-22,178,16,1,2,907.31
905,2025-02-22,171,8,4,3,1273.72
906,2025-12-11,79,11,4,1,190.26
907,2026-01-04,176,33,3,3,992.96
908,2025-04-16,177,8,3,2,939.48
909,2025-03-27,95,40,2,4,961.55
910,2025-02-15,57,9,4,2,372.23
911,2025-03-26,40,30,5,4,637.15
912,2025-03-03,96,27,5,3,265.42
913,2025-04-01,121,49,5,3,344.67
914,2025-02-13,171,14,2,3,307.26
915,2025-11-18,175,49,5,2,234.8
916,2025-06-08,21,34,4,3,730.46
917,2025-03-22,136,46,3,3,288.11
918,2025-09-30,20,37,1,2,509.18
919,2025-11-02,16,36,5,4,1336.34
920,2025-08-29,52,37,5,3,731.87
921,2025-10-23,39,11,3,1,200.3
922,2025-12-18,134,29,1,1,391.7
923,2025-06-02,175,14,5,1,101.71
924,2025-06-18,126,6,5,3,780.0
925,2025-05-12,115,4,4,2,919.46
926,2025-06-22,34,33,4,3,1082.67
927,2025-05-24,117,37,1,4,1056.91
928,2025-08-06,144,30,3,3,500.57
929,2025-12-14,186,2,4,3,683.13
930,2025-07-26,66,1,2,3,772.04
931,2025-09-24,149,5,1,1,83.55
932,2025-02-25,109,23,1,4,982.88
933,2025-11-09,139,4,1,2,802.38
934,2026-01-07,121,3,3,3,55.86
935,2025-11-21,105,12,2,2,774.46
936,2025-12-02,197,42,4,3,295.68
937,2025-03-14,96,25,4,3,1078.09
938,2025-06-27,97,25,1,4,1408.75
939,2025-09-25,175,43,5,1,284.02
940,2025-02-14,35,42,3,2,199.38
941,2025-05-12,31,12,5,3,1335.7
942,2025-06-18,101,34,2,1,277.59
943,2025-12-08,187,15,1,4,259.53
944,2025-05-12,194,2,3,1,223.47
945,2025-09-26,119,44,5,2,555.37
946,2025-10-23,109,35,4,3,1203.41
947,2025-02-04,59,16,4,4,1813.02
948,2025-06-30,89,10,3,4,123.52
949,2025-04-07,49,47,1,4,552.11
950,2025-09-24,9,43,4,3,981.27
951,2025-03-22,158,50,1,2,785.84
952,2025-03-26,62,14,1,4,403.89
953,2025-04-16,26,39,1,2,43.1
954,2025-05-14,115,39,1,4,98.31
955,2026-01-04,63,48,1,4,656.49
956,2025-07-14,103,29,2,1,376.23
957,2025-05-14,139,14,1,1,120.83
958,2025-02-25,36,33,3,1,328.12
959,2025-09-17,60,47,5,2,305.36
960,2025-09-19,82,37,5,1,229.51
961,2025-07-07,198,44,3,4,1206.33
962,2025-05-16,61,20,2,4,1785.27
963,2025-11-11,170,34,2,2,457.95
964,2025-08-07,106,20,3,3,1293.52
965,2025-07-13,16,36,5,1,310.24
966,2025-09-13,189,12,4,1,409.59
967,2025-03-28,143,32,1,2,290.8
968,2025-12-11,89,42,4,2,200.19
969,2025-08-28,135,21,4,3,89.98
970,2025-06-16,105,10,3,4,127.03
971,2025-07-11,97,12,5,3,1366.86
972,2025-09-06,122,16,2,4,1624.74
973,2025-09-03,77,46,2,3,302.17
974,2025-08-15,119,4,5,1,397.36
975,2025-05-10,106,27,5,2,192.58
976,2025-04-21,136,9,4,4,706.54
977,2025-09-07,63,17,2,4,1327.26
978,2025-05-31,85,42,1,1,99.22
979,2025-12-29,116,24,1,3,841.42
980,2025-11-06,138,47,2,1,142.07
981,2025-05-02,14,18,4,4,1065.02
982,2025-02-27,173,39,5,1,24.29
983,2025-11-29,11,5,2,3,248.49
984,2025-08-01,195,38,5,4,83.3
985,2026-01-18,56,31,2,4,1607.98
986,2025-12-19,86,20,1,1,443.75
987,2025-05-14,55,13,1,4,751.65
988,2025-03-30,192,49,4,3,296.48
989,2025-07-25,63,45,5,2,115.73
990,2025-02-06,181,14,4,4,456.2
991,2025-10-07,62,36,3,2,642.3
992,2025-09-15,199,19,4,3,1018.43
993,2025-06-03,120,35,3,1,482.48
994,2025-11-22,79,17,3,2,643.44
995,2025-08-30,132,32,4,2,313.06
996,2025-09-12,26,47,4,2,308.19
997,2025-02-07,195,21,2,1,28.82
998,2025-09-24,95,21,4,4,124.62
999,2025-09-29,12,37,2,3,765.39
1000,2025-02-12,190,10,1,3,83.38
1001,2025-04-12,67,36,5,1,305.24
1002,2026-01-22,149,47,4,4,675.02
1003,2025-12-18,76,10,2,3,97.91
1004,2025-12-30,85,15,4,3,186.74
1005,2025-11-02,146,16,4,3,1141.5
1006,2026-01-25,141,42,3,2,175.77
1007,2025-10-19,66,49,4,4,466.57
1008,2025-04-01,186,42,4,1,108.27
1009,2025-05-19,118,11,3,3,625.97
1010,2025-10-06,44,9,5,4,657.24
1011,2025-02-09,126,12,5,2,890.22
1012,2025-05-06,165,4,5,1,418.98
1013,2025-04-23,9,5,1,3,297.22
1014,2025-10-01,196,1,4,2,587.4
1015,2025-03-17,36,41,2,1,127.8
1016,2025-03-09,18,46,2,1,102.46
1017,2025-07-07,3,14,5,2,236.66
1018,2025-09-05,117,24,1,2,531.48
1019,2025-12-20,159,41,5,3,374.95
1020,2025-05-03,124,43,4,2,620.8
1021,2026-01-16,5,1,5,3,888.26
1022,2025-07-24,142,27,1,2,210.5
1023,2025-10-07,5,34,3,3,841.27
1024,2025-06-10,138,19,1,4,1407.32
1025,2025-12-25,129,45,4,1,57.19
1026,2025-05-29,46,7,1,2,525.56
1027,2025-05-25,135,10,2,3,89.97
1028,2025-08-26,50,40,5,1,248.19
1029,2025-05-28,65,23,3,1,271.57
1030,2025-05-03,102,6,3,2,497.57
1031,2025-05-26,104,30,5,1,155.63
1032,2026-02-01,63,45,2,4,202.43
1033,2025-10-25,77,44,1,3,800.1
1034,2025-05-17,168,42,1,1,88.39
1035,2025-11-06,24,26,4,2,923.87
1036,2025-09-10,97,36,4,4,1332.89
1037,2025-06-20,15,41,1,4,484.21
1038,2025-05-11,180,11,1,4,878.43
1039,2025-05-21,128,28,3,4,380.74
1040,2025-12-25,145,7,5,2,522.8
1041,2025-06-13,11,15,2,3,187.47
1042,2025-10-01,178,37,4,4,895.18
1043,2025-03-14,70,3,1,4,69.62
1044,2025-05-15,176,18,5,2,484.94
1045,2025-12-22,145,43,1,2,692.58
1046,2025-08-15,46,21,1,3,92.83
1047,2025-03-13,54,38,2,3,58.38
1048,2025-02-25,193,46,4,4,435.82
1049,2025-12-21,20,20,2,2,874.67
1050,2025-08-01,145,16,5,4,1563.53
1051,2026-02-01,100,44,5,1,277.5
1052,2025-08-01,85,25,2,2,730.71
1053,2025-10-08,177,47,1,4,611.19
1054,2026-01-24,129,48,3,1,164.93
1055,2025-05-15,14,7,4,2,428.5
1056,2025-09-01,60,5,3,3,292.58
1057,2026-01-09,155,50,5,3,1033.1
1058,2025-12-30,153,26,3,2,934.17
1059,2025-09-28,8,41,3,1,128.14
1060,2026-01-10,116,32,2,2,296.28
1061,2025-08-10,92,36,4,1,342.75
1062,2025-08-26,111,12,5,1,412.34
1063,2025-03-20,170,25,1,2,710.35
1064,2025-02-17,198,40,3,4,987.55
1065,2025-12-08,64,46,1,1,97.13
1066,2025-10-31,22,18,2,3,763.27
1067,2025-08-22,98,46,2,4,390.19
1068,2025-10-14,190,25,3,2,739.05
1069,2025-06-20,93,7,1,4,863.91
1070,2025-11-01,2,20,4,4,1775.66
1071,2025-05-23,93,49,3,1,100.51
1072,2026-01-24,27,9,1,2,377.51
1073,2025-08-11,48,28,4,1,89.64
1074,2025-04-23,143,36,5,1,323.56
1075,2025-08-14,105,7,1,4,893.36
1076,2025-08-18,23,23,5,1,245.27
1077,2025-07-18,24,39,5,1,24.7
1078,2025-04-23,84,25,1,2,775.05
1079,2025-04-15,75,27,4,1,90.48
1080,2026-01-07,200,6,5,4,888.44
1081,2026-01-04,63,37,5,3,760.85
1082,2025-07-26,44,44,4,1,312.59
1083,2025-04-07,44,9,3,1,172.95
1084,2025-10-30,78,18,4,4,1103.39
1085,2025-06-09,38,5,2,4,350.29
1086,2026-01-06,112,18,4,3,836.67
1087,2025-04-20,77,31,1,2,799.33
1088,2025-07-13,93,17,2,1,274.24
1089,2025-09-05,185,41,4,3,356.89
1090,2025-07-19,153,40,2,3,688.89
1091,2025-11-11,118,7,2,4,1039.2
1092,2025-02-14,78,1,4,4,1161.45
1093,2025-06-28,86,40,4,4,876.45
1094,2025-03-16,85,29,3,2,764.0
1095,2025-05-07,111,42,5,4,405.15
1096,2025-02-03,35,20,3,4,1728.01
1097,2025-12-11,155,45,2,1,50.23
1098,2025-08-26,123,21,2,4,126.98
1099,2025-05-26,102,21,3,4,128.17
1100,2025-07-30,189,45,4,2,104.81
1101,2025-12-26,148,16,3,4,1525.95
1102,2025-02-13,97,18,4,2,506.11
1103,2025-11-11,94,8,5,4,1800.97
1104,2025-05-09,52,38,5,1,21.26
1105,2026-01-01,47,44,5,1,257.06
1106,2025-04-01,7,47,4,1,144.8
1107,2025-02-20,182,14,4,2,213.4
1108,2025-03-20,75,45,1,3,183.01
1109,2025-06-22,105,44,4,4,1180.69
1110,2025-04-21,36,41,3,3,332.94
1111,2025-06-09,62,17,2,2,615.89
1112,2025-03-02,184,28,4,4,367.52
1113,2025-08-22,19,29,5,1,395.63
1114,2025-09-07,123,38,4,2,40.6
1115,2025-02-18,137,33,4,2,730.71
1116,2025-12-23,140,3,3,4,70.77
1117,2025-04-24,180,35,5,2,891.03
1118,2025-09-08,164,6,1,1,234.95
1119,2025-10-25,197,16,3,2,816.94
1120,2025-08-28,43,42,5,2,187.79
1121,2025-04-16,12,37,4,2,528.93
1122,2025-11-23,193,22,4,3,490.17
1123,2025-09-19,28,1,1,4,1039.81
1124,2025-06-29,67,15,5,4,248.94
1125,2025-12-20,192,34,5,2,529.16
1126,2025-12-21,149,45,5,2,104.9
1127,2025-10-25,57,29,3,1,373.89
1128,2025-03-21,101,30,5,2,320.28
1129,2025-05-12,177,33,2,3,1013.81
1130,2025-04-07,89,2,4,3,579.01
1131,2025-10-25,27,19,4,1,385.51
1132,2025-07-01,22,8,2,3,1427.22
1133,2025-10-07,90,20,3,2,829.71
1134,2025-02-26,117,14,5,1,108.56
1135,2025-11-29,124,23,4,4,1174.87
1136,2025-06-18,25,29,4,4,1569.58
1137,2025-06-19,82,5,3,4,377.57
1138,2025-03-19,12,46,1,2,221.88
1139,2025-10-21,6,22,1,4,748.08
1140,2025-12-28,174,11,2,2,437.74
1141,2025-07-29,133,12,5,3,1383.93
1142,2026-01-08,41,22,5,3,578.16
1143,2025-10-30,110,30,2,4,658.6
1144,2025-04-15,104,41,2,3,317.88
1145,2025-10-07,48,41,4,4,487.72
1146,2025-03-14,102,2,5,2,441.94
1147,2025-07-19,51,29,5,3,1000.74
1148,2025-07-02,110,25,1,3,1146.05
1149,2025-03-20,181,14,2,4,418.52
1150,2025-04-11,72,49,1,3,310.13
1151,2025-11-24,148,7,5,3,714.7
1152,2025-12-16,48,24,3,2,565.35
1153,2025-02-17,51,30,1,2,324.68
1154,2025-06-19,68,43,4,2,673.56
1155,2025-11-03,136,41,3,4,521.49
1156,2025-04-19,153,25,5,4,1354.44
1157,2026-01-25,101,38,1,1,19.11
1158,2025-05-03,90,23,4,2,510.71
1159,2025-08-29,159,12,3,1,396.8
1160,2025-05-19,158,38,1,1,19.47
1161,2025-11-12,173,9,3,1,193.28
1162,2025-06-18,31,16,3,2,872.4
1163,2026-01-08,30,12,3,2,873.6
1164,2026-01-30,178,10,5,3,92.49
1165,2025-07-19,100,27,5,4,389.54
1166,2025-05-19,36,37,4,1,254.64
1167,2025-02-19,109,12,4,2,849.04
1168,2025-06-20,163,35,2,2,782.09
1169,2025-10-19,143,11,4,2,415.57
1170,2025-04-03,74,9,2,3,531.95
1171,2025-12-22,81,29,5,4,1304.5
1172,2025-12-09,14,23,1,3,787.15
1173,2025-10-01,125,9,2,1,168.2
1174,2025-03-11,99,36,5,1,302.59
1175,2025-06-14,168,32,4,1,144.1
1176,2025-02-22,176,32,4,2,336.13
1177,2025-05-21,182,29,4,3,1116.53
1178,2025-11-19,43,6,5,4,916.62
1179,2025-08-16,8,49,2,4,413.74
1180,2025-12-10,75,3,3,2,36.45
1181,2025-11-05,58,35,3,1,423.31
1182,2025-03-25,44,50,4,4,1574.07
1183,2025-12-09,145,48,4,2,325.92
1184,2026-01-19,141,33,1,1,318.02
1185,2025-07-28,147,8,3,2,832.33
1186,2026-01-03,199,35,3,1,419.89
1187,2025-12-15,139,49,1,1,99.24
1188,2025-05-21,195,47,4,3,440.79
1189,2025-05-30,140,14,4,1,115.18
1190,2025-04-18,27,48,2,3,443.92
1191,2025-12-11,77,3,4,3,55.58
1192,2025-11-13,68,23,1,3,834.27
1193,2025-06-22,113,8,2,4,1829.29
1194,2025-05-24,54,48,5,3,440.71
1195,2025-10-06,177,23,5,4,1157.43
1196,2025-06-15,162,28,2,4,388.03
1197,2025-07-01,158,9,2,2,322.45
1198,2025-08-29,53,4,5,2,782.98
1199,2025-06-03,90,35,3,2,901.23
1200,2025-05-27,153,35,2,4,1601.7
1201,2025-09-23,83,46,3,4,403.65
1202,2025-07-18,75,37,3,3,677.66
1203,2025-06-08,132,44,1,3,821.86
1204,2025-07-03,35,49,4,4,485.42
1205,2025-06-18,16,18,2,3,821.95
1206,2025-02-20,180,9,2,3,556.27
1207,2025-07-26,38,46,3,2,195.3
1208,2026-01-21,64,49,4,3,331.97
1209,2025-05-05,126,10,5,4,129.6
1210,2025-03-21,162,18,4,1,259.11
1211,2025-12-15,97,29,1,1,352.63
1212,2026-01-11,163,50,1,2,741.51
1213,2025-10-28,104,33,3,1,350.22
1214,2025-02-08,178,24,4,2,554.37
1215,2025-12-07,125,21,5,1,25.84
1216,2025-02-18,1,50,1,3,1003.01
1217,2025-10-12,188,30,3,3,508.01
1218,2025-05-29,17,35,4,3,1367.6
1219,2025-06-25,56,28,2,1,101.66
1220,2025-04-15,127,18,3,4,1095.65
1221,2025-05-05,73,22,5,1,195.41
1222,2026-01-31,148,9,5,3,507.6
1223,2025-08-19,125,22,1,2,361.66
1224,2025-06-28,12,7,4,2,470.65
1225,2025-10-30,5,8,2,3,1173.04
1226,2025-03-03,113,30,1,1,178.36
1227,2025-03-21,110,13,2,2,323.49
1228,2025-02-23,167,20,2,2,787.41
1229,2025-08-05,71,6,3,4,1061.7
1230,2025-09-09,65,6,3,4,993.36
1231,2025-07-24,171,42,2,2,191.65
1232,2025-03-18,14,26,3,2,875.29
1233,2025-09-10,186,45,2,3,149.64
1234,2025-12-21,110,42,1,3,267.4
1235,2025-08-26,181,7,1,4,984.87
1236,2025-04-04,55,31,1,4,1546.13
1237,2025-12-29,34,38,2,2,39.08
1238,2025-05-08,133,44,4,3,830.12
1239,2025-04-04,3,1,3,4,1084.98
1240,2026-01-15,31,28,2,3,309.69
1241,2025-12-15,123,5,2,4,363.4
1242,2025-06-17,99,6,1,1,244.89
1243,2026-01-24,27,21,3,4,122.25
1244,2025-11-23,77,9,4,4,713.52
1245,2025-08-29,199,49,2,3,341.06
1246,2025-08-12,165,44,2,4,1198.58
1247,2025-04-13,18,34,5,4,956.49
1248,2025-09-09,3,40,2,2,492.48
1249,2025-09-04,113,23,2,3,820.62
1250,2025-04-06,161,48,2,2,324.29
1251,2025-10-04,106,40,4,2,493.34
1252,2025-12-30,56,6,1,2,471.75
1253,2025-10-26,36,49,1,2,213.5
1254,2025-05-16,151,47,4,3,424.22
1255,2025-09-26,90,28,3,3,313.36
1256,2025-09-11,36,16,3,4,1721.82
1257,2025-08-27,166,6,2,4,871.27
1258,2025-02-03,142,39,5,2,44.53
1259,2026-01-13,185,39,3,3,71.01
1260,2025-09-13,200,45,1,1,52.71
1261,2025-11-22,169,20,2,1,382.46
1262,2025-07-17,133,39,5,3,70.66
1263,2025-06-10,49,48,4,2,283.19
1264,2025-07-07,76,42,1,1,102.81
1265,2025-10-28,62,32,4,3,474.62
1266,2025-11-06,29,16,4,2,849.54
1267,2025-08-27,164,39,1,4,90.66
1268,2025-12-24,136,1,3,4,989.26
1269,2026-01-24,82,9,4,4,689.88
1270,2025-03-01,146,27,3,4,346.26
1271,2025-04-05,140,44,2,2,509.74
1272,2025-05-08,196,31,1,3,1253.13
1273,2025-12-14,5,38,1,4,87.29
1274,2025-07-27,4,17,2,2,592.85
1275,2025-08-07,11,4,4,4,1625.93
1276,2025-05-16,130,19,5,1,376.21
1277,2025-10-17,197,27,4,4,364.97
1278,2025-08-02,180,26,1,1,401.5
1279,2025-07-27,164,35,5,3,1458.1
1280,2025-11-27,158,10,3,1,31.11
1281,2025-04-03,22,20,1,2,718.58
1282,2026-01-14,131,14,2,3,337.74
1283,2025-10-12,138,21,4,1,26.56
1284,2025-08-07,151,41,1,1,126.43
1285,2025-12-02,80,45,4,1,52.21
1286,2025-07-17,187,16,1,3,1302.3
1287,2025-05-26,63,6,4,1,254.43
1288,2025-08-03,30,30,5,3,502.55
1289,2026-01-22,156,4,3,3,1303.84
1290,2026-01-08,171,48,2,1,152.12
1291,2025-02-26,31,1,2,4,1207.58
1292,2025-02-20,180,1,2,3,848.6
1293,2025-04-03,128,23,5,3,817.35
1294,2025-03-21,133,47,3,3,493.45
1295,2025-06-20,43,24,2,2,537.61
1296,2025-03-01,192,50,3,1,380.68
1297,2025-03-24,188,8,1,1,485.3
1298,2025-10-05,86,28,3,1,95.85
1299,2025-07-17,135,5,3,1,89.96
1300,2025-11-16,183,37,1,3,771.73
1301,2025-07-06,128,30,5,3,541.76
1302,2025-04-17,93,4,4,1,435.27
1303,2026-01-10,146,11,3,1,214.32
1304,2026-01-12,41,17,1,1,272.38
1305,2026-01-06,147,44,1,1,292.93
1306,2025-10-19,59,48,5,1,138.6
1307,2025-09-03,1,3,1,2,37.51
1308,2025-05-05,63,3,4,2,33.51
1309,2025-05-24,94,25,2,1,371.62
1310,2025-03-16,46,3,5,3,58.32
1311,2025-05-30,183,48,4,4,658.1
1312,2025-06-12,58,21,2,4,115.48
1313,2025-05-06,107,47,3,1,140.34
1314,2025-11-21,70,5,5,1,85.43
1315,2025-11-20,96,8,5,2,893.06
1316,2026-01-31,173,4,2,4,1726.97
1317,2025-06-29,58,34,1,4,927.2
1318,2025-08-29,103,5,4,4,368.83
1319,2025-06-25,73,50,3,2,765.63
1320,2025-02-08,84,6,5,4,1039.24
1321,2025-09-28,117,1,3,4,1015.46
1322,2025-08-01,52,19,5,3,1002.58
1323,2025-04-15,78,48,5,3,417.92
1324,2025-11-21,63,30,3,2,348.37
1325,2025-09-12,152,32,2,3,477.07
1326,2025-08-27,188,35,2,3,1393.06
1327,2025-11-04,39,1,4,4,984.09
1328,2025-05-31,7,15,5,4,268.98
1329,2025-04-06,89,41,1,2,261.02
1330,2025-02-12,86,1,4,2,492.53
1331,2026-01-31,189,47,3,2,285.79
1332,2025-11-04,27,14,5,2,210.25
1333,2025-03-25,61,27,4,3,267.18
1334,2025-11-21,16,10,3,2,54.59
1335,2025-04-14,24,3,2,4,64.43
1336,2026-01-27,134,27,3,3,278.71
1337,2025-05-05,118,48,1,2,266.67
1338,2025-06-19,149,7,5,3,699.74
1339,2025-06-06,35,41,4,1,107.37
1340,2025-05-13,20,38,5,2,43.2
1341,2025-09-12,16,28,2,2,186.61
1342,2026-01-11,61,19,3,3,999.04
1343,2025-11-06,81,26,3,2,953.44
1344,2025-02-12,82,29,3,4,1467.13
1345,2025-08-10,60,5,2,1,89.45
1346,2025-10-25,35,50,5,4,1414.45
1347,2026-01-22,28,10,1,4,112.0
1348,2026-01-10,43,29,4,1,352.84
1349,2025-09-12,81,27,1,3,283.18
1350,2025-05-18,138,23,2,1,262.92
1351,2025-10-24,116,20,4,2,847.61
1352,2025-07-27,68,8,1,2,909.43
1353,2025-05-18,41,44,3,3,766.75
1354,2025-07-18,181,45,5,1,61.56
1355,2025-03-13,11,14,3,4,395.61
1356,2025-04-24,38,6,2,1,253.33
1357,2025-12-30,92,26,5,4,1850.71
1358,2025-12-25,13,44,3,1,307.07
1359,2025-02-19,67,12,1,4,1633.23
1360,2025-08-16,104,29,5,3,1134.96
1361,2025-12-16,192,36,2,4,1220.82
1362,2026-01-04,25,30,1,1,155.04
1363,2025-04-19,36,8,1,1,439.68
1364,2025-10-29,16,50,2,3,1085.28
1365,2025-03-12,34,13,4,4,695.53
1366,2025-07-11,96,44,1,3,785.0
1367,2025-06-01,150,38,3,4,74.84
1368,2025-06-12,20,2,1,1,207.13
1369,2025-08-28,51,42,4,2,201.65
1370,2025-08-20,33,6,3,3,732.67
1371,2025-08-05,32,3,4,2,35.15
1372,2025-05-11,13,11,5,2,403.09
1373,2025-08-07,111,47,4,4,615.82
1374,2025-11-15,128,2,4,1,225.44
1375,2025-08-10,175,28,2,4,401.6
1376,2025-11-15,91,14,2,2,222.64
1377,2025-04-26,71,18,4,3,793.44
1378,2025-02-14,39,3,5,1,19.57
1379,2025-05-26,159,40,2,1,239.88
1380,2025-08-25,166,19,4,1,323.71
1381,2025-11-01,106,36,4,4,1305.11
1382,2025-09-08,16,6,3,1,264.17
1383,2025-12-26,99,9,4,4,777.72
1384,2025-05-23,52,42,5,3,301.56
1385,2025-09-18,64,41,5,1,126.14
1386,2025-08-09,5,25,3,4,1488.25
1387,2025-10-05,123,35,4,2,877.56
1388,2025-11-14,89,37,5,3,788.07
1389,2025-09-10,83,25,3,2,778.36
1390,2025-10-28,47,2,3,3,568.37
1391,2025-06-30,153,15,1,4,242.37
1392,2025-05-28,200,18,1,3,849.05
1393,2025-08-22,121,34,3,4,1026.33
1394,2025-07-31,197,38,2,2,40.89
1395,2025-12-06,41,7,2,1,258.55
1396,2025-02-02,169,16,3,4,1466.93
1397,2025-05-10,137,48,1,4,562.13
1398,2025-10-30,196,15,5,4,263.82
1399,2025-04-14,100,23,2,3,744.99
1400,2025-12-19,46,16,5,3,1312.44
1401,2025-08-10,82,48,3,3,472.66
1402,2025-07-22,152,2,3,3,673.05
1403,2025-09-10,146,37,2,1,243.03
1404,2025-03-29,145,13,4,2,347.26
1405,2025-05-14,139,20,2,1,426.0
1406,2025-12-08,126,3,1,4,76.75
1407,2025-09-16,15,15,5,3,181.97
1408,2025-12-03,57,2,5,1,233.22
1409,2025-04-05,123,1,3,4,1193.68
1410,2025-07-07,158,13,2,3,550.19
1411,2025-06-28,88,46,2,4,404.26
1412,2025-03-11,83,4,1,3,1296.79
1413,2025-10-03,38,38,2,4,78.17
1414,2025-07-28,199,8,5,3,1268.45
1415,2025-10-28,94,5,3,4,373.76
1416,2025-05-17,181,43,4,4,1295.98
1417,2025-04-25,151,7,3,2,457.14
1418,2025-09-27,78,21,2,4,110.97
1419,2025-11-12,41,47,4,1,138.15
1420,2025-12-02,164,32,3,4,625.35
1421,2025-08-28,45,46,5,2,230.74
1422,2025-06-18,178,40,3,3,647.4
1423,2025-04-18,58,43,5,3,872.69
1424,2025-06-23,45,25,3,1,358.48
1425,2025-11-18,188,45,3,3,157.19
1426,2025-05-30,33,12,1,2,925.39
1427,2026-01-27,180,37,4,2,444.69
1428,2025-07-03,198,37,1,1,219.02
1429,2025-11-11,47,39,3,4,97.22
1430,2025-07-14,157,15,5,4,271.66
1431,2025-03-17,27,32,2,2,324.8
1432,2026-01-18,85,48,1,2,324.71
1433,2025-06-13,61,23,3,3,767.37
1434,2025-06-10,43,41,1,2,221.52
1435,2025-07-09,182,43,3,3,912.99
1436,2026-01-07,115,1,3,1,291.72
1437,2025-11-22,54,16,1,1,409.36
1438,2025-10-09,90,17,1,2,615.21
1439,2025-11-30,185,1,1,1,251.91
1440,2025-04-12,99,29,4,1,321.35
1441,2026-01-31,43,27,4,3,258.67
1442,2025-05-03,97,23,5,2,488.61
1443,2025-09-16,97,7,4,2,483.32
1444,2025-08-12,148,42,2,3,289.79
1445,2025-06-19,42,29,1,1,392.63
1446,2025-08-20,9,19,1,3,994.96
1447,2025-08-12,82,17,1,1,274.32
1448,2025-08-01,19,22,2,3,524.56
1449,2025-09-26,97,11,1,2,389.0
1450,2025-04-15,141,6,3,3,736.45
1451,2026-01-27,153,40,4,4,957.37
1452,2025-10-26,181,2,4,4,794.04
1453,2025-05-02,168,11,5,1,210.8
1454,2025-09-09,112,11,1,2,442.43
1455,2025-05-15,26,22,2,3,575.14
1456,2025-08-04,49,27,5,3,266.98
1457,2025-03-04,185,47,5,4,544.26
1458,2025-11-06,68,43,3,4,1398.8
1459,2025-12-19,77,16,1,1,417.09
1460,2025-08-02,13,26,5,2,952.3
1461,2025-08-29,141,32,2,2,308.29
1462,2025-08-28,14,24,1,4,1022.78
1463,2025-11-01,110,6,3,1,243.48
1464,2025-06-22,170,41,5,1,127.78
1465,2025-04-20,123,13,1,1,192.52
1466,2025-02-15,7,14,2,3,305.85
1467,2025-06-24,164,19,1,2,742.51
1468,2025-10-28,122,8,3,1,416.58
1469,2025-07-14,102,31,4,4,1426.43
1470,2025-03-31,170,17,1,1,295.87
1471,2025-02-27,165,35,4,3,1305.46
1472,2025-02-21,48,24,4,2,511.75
1473,2025-10-01,95,12,4,2,817.35
1474,2025-10-08,12,17,4,2,648.51
1475,2025-03-17,120,17,2,3,906.0
1476,2025-04-05,69,37,1,3,645.77
1477,2026-01-04,39,49,1,3,317.95
1478,2025-05-12,22,43,3,3,925.84
1479,2025-03-17,139,27,5,4,371.04
1480,2025-06-26,59,36,1,3,928.47
1481,2025-04-07,100,34,4,3,744.71
1482,2025-06-22,138,44,4,2,590.89
1483,2025-09-28,147,16,4,2,762.04
1484,2025-08-07,77,6,4,4,1031.61
1485,2025-08-10,183,3,5,4,71.03
1486,2025-11-12,147,34,5,4,1112.53
1487,2025-11-15,174,40,2,3,658.06
1488,2025-11-08,31,49,4,3,345.46
1489,2025-08-21,45,11,2,3,584.3
1490,2025-10-23,50,9,1,3,584.45
1491,2025-05-15,109,6,4,2,461.24
1492,2025-11-14,52,41,2,2,228.08
1493,2025-08-17,153,17,3,1,296.39
1494,2025-04-02,187,5,1,2,192.73
1495,2025-07-24,100,36,4,3,1054.5
1496,2025-06-03,142,21,3,1,28.5
1497,2025-02-05,134,30,1,1,182.5
1498,2025-11-16,180,40,5,2,502.25
1499,2025-05-08,134,27,1,1,92.52
1500,2025-09-01,107,10,2,2,56.68
1501,2025-12-21,146,38,5,2,35.99
1502,2025-05-08,195,7,1,4,924.16
1503,2026-01-04,145,50,1,1,345.99
1504,2025-09-03,74,35,3,4,1868.89
1505,2025-02-23,106,17,4,1,294.5
1506,2025-10-06,168,32,5,3,460.07
1507,2025-02-04,156,31,1,1,398.59
1508,2025-04-29,45,18,4,2,540.38
1509,2025-05-25,37,40,5,3,768.04
1510,2025-11-07,175,45,4,2,114.07
1511,2025-07-26,10,26,3,1,425.18
1512,2025-10-15,177,16,1,3,1207.4
1513,2025-09-26,191,31,3,4,1530.16
1514,2025-02-26,96,2,3,2,460.47
1515,2025-12-12,78,20,3,2,735.53
1516,2025-02-26,126,45,1,2,102.64
1517,2025-03-21,59,9,3,2,321.92
1518,2025-02-12,191,29,3,1,384.08
1519,2025-07-24,69,47,4,3,419.16
1520,2025-04-06,155,42,1,2,215.78
1521,2025-11-26,49,29,2,2,643.55
1522,2025-12-29,105,48,4,4,606.76
1523,2025-02-19,195,34,3,3,688.92
1524,2026-01-13,15,33,2,4,1179.36
1525,2026-01-31,17,20,5,3,1158.78
1526,2025-12-02,104,9,5,2,362.31
1527,2025-12-31,146,2,2,4,935.19
1528,2025-06-11,50,13,1,2,340.05
1529,2025-11-11,64,3,4,3,51.49
1530,2025-10-22,13,24,2,3,807.0
1531,2025-04-05,71,24,4,4,1006.76
1532,2025-06-22,130,26,1,2,821.96
1533,2025-04-05,175,2,2,1,202.95
1534,2025-11-20,96,32,5,1,140.73
1535,2025-05-02,115,12,4,4,1582.3
1536,2025-05-30,151,36,3,1,336.48
1537,2025-05-13,89,11,3,2,395.0
1538,2025-10-29,192,45,1,2,115.06
1539,2025-07-31,73,2,4,4,894.82
1540,2025-11-13,13,11,5,3,620.84
1541,2025-11-03,200,14,2,1,112.6
1542,2025-04-06,166,15,2,1,66.45
1543,2025-11-13,69,42,4,4,414.69
1544,2025-12-17,132,2,1,4,828.76
1545,2025-09-13,122,9,2,4,658.76
1546,2026-01-23,154,1,2,2,531.35
1547,2025-03-07,65,39,3,1,21.57
1548,2025-09-10,183,46,3,4,457.49
1549,2025-12-27,109,25,3,3,994.27
1550,2025-03-11,118,17,2,2,652.56
1551,2026-01-02,120,20,5,1,371.43
1552,2025-11-16,160,26,5,4,1621.12
1553,2025-02-06,27,1,5,4,1126.7
1554,2025-04-17,170,24,5,1,251.0
1555,2025-12-22,166,39,5,1,25.35
1556,2025-04-19,73,20,1,2,797.3
1557,2025-05-07,124,5,3,3,246.72
1558,2025-07-10,71,41,3,4,503.4
1559,2026-01-08,71,17,3,1,310.41
1560,2025-05-07,49,10,5,1,31.24
1561,2025-08-07,196,16,1,4,1620.53
1562,2025-08-14,154,26,3,4,1842.15
1563,2026-01-19,175,9,1,4,733.55
1564,2025-10-04,168,32,3,3,484.31
1565,2025-06-10,67,27,4,3,293.52
1566,2025-02-05,100,48,1,3,399.58
1567,2025-12-04,150,46,5,4,378.29
1568,2025-09-14,49,22,2,3,600.38
1569,2025-12-19,176,35,4,3,1228.08
1570,2025-05-18,172,23,5,3,759.19
1571,2025-11-08,77,11,5,4,757.35
1572,2025-11-24,47,19,1,2,728.78
1573,2025-08-15,121,9,3,4,655.68
1574,2025-11-11,186,36,2,1,359.57
1575,2025-12-03,175,22,1,4,642.31
1576,2025-08-02,57,23,2,2,521.01
1577,2025-11-12,191,20,4,1,360.43
1578,2025-10-25,85,24,3,4,1215.8
1579,2025-09-14,150,19,4,1,363.4
1580,2025-03-15,31,31,1,3,1054.58
1581,2025-08-28,163,38,5,1,20.69
1582,2025-10-01,159,5,4,3,246.49
1583,2026-01-03,50,33,1,2,614.98
1584,2025-05-01,175,25,5,2,711.25
1585,2025-04-15,77,27,1,4,345.98
1586,2025-02-11,39,9,2,4,759.12
1587,2025-07-27,88,27,5,4,385.05
1588,2025-04-08,118,10,3,1,30.62
1589,2025-07-15,184,12,1,4,1695.26
1590,2025-07-10,125,22,2,1,199.06
1591,2025-11-13,81,41,1,3,387.76
1592,2025-07-07,2,29,3,4,1450.19
1593,2025-11-08,54,49,2,1,99.04
1594,2026-01-01,148,49,2,1,111.98
1595,2025-07-13,126,49,1,4,473.42
1596,2025-07-01,34,40,4,4,1006.03
1597,2025-07-24,163,28,4,4,406.24
1598,2025-06-08,110,31,4,4,1729.75
1599,2025-09-06,2,3,5,4,75.16
1600,2025-07-15,52,47,3,4,668.41
1601,2025-08-15,4,21,5,3,77.21
1602,2025-06-04,49,2,1,4,793.06
1603,2025-06-30,161,47,2,4,557.84
1604,2025-09-20,58,45,3,3,149.63
1605,2026-01-04,80,9,1,1,190.98
1606,2025-12-15,99,33,5,3,909.87
1607,2025-02-16,79,11,1,4,908.98
1608,2025-12-08,12,20,3,3,1210.59
1609,2025-10-20,117,47,5,1,165.36
1610,2026-01-10,153,34,3,4,977.76
1611,2025-08-26,112,44,2,3,927.17
1612,2025-10-04,88,32,3,3,446.47
1613,2025-04-25,193,13,2,2,319.19
1614,2025-11-16,104,2,2,4,920.27
1615,2025-09-01,58,47,2,3,496.53
1616,2025-11-13,55,47,1,2,325.17
1617,2025-05-07,151,33,2,2,685.96
1618,2025-12-23,32,24,1,4,1039.36
1619,2025-04-14,97,41,3,3,355.22
1620,2026-01-10,198,35,5,4,1624.45
1621,2025-03-27,13,39,1,4,89.5
1622,2025-03-27,170,7,1,2,434.46
1623,2025-02-21,13,45,1,2,110.15
1624,2025-03-31,107,29,4,1,342.04
1625,2026-01-04,32,36,3,2,679.66
1626,2025-12-24,122,45,2,4,212.97
1627,2025-07-12,53,45,1,3,175.39
1628,2025-08-17,78,27,1,3,265.39
1629,2025-09-01,170,34,3,1,242.64
1630,2025-07-18,160,39,2,4,89.94
1631,2025-11-03,108,7,5,2,437.31
1632,2025-07-22,185,40,1,1,242.28
1633,2025-04-28,73,8,1,4,1731.5
1634,2026-02-01,128,13,5,2,336.66
1635,2025-08-20,52,50,3,2,743.37
1636,2025-05-27,134,13,3,2,341.87
1637,2025-04-19,181,27,3,4,409.85
1638,2025-08-31,42,3,5,4,65.98
1639,2025-10-27,128,14,4,3,335.75
1640,2025-10-26,85,16,1,2,782.79
1641,2025-02-12,4,43,1,2,634.05
1642,2025-11-03,29,37,4,4,936.64
1643,2025-09-19,39,6,5,1,246.49
1644,2025-04-07,20,47,1,3,487.52
1645,2025-03-25,66,42,2,2,214.34
1646,2025-10-22,117,19,3,3,1147.88
1647,2025-12-22,119,4,1,1,441.74
1648,2026-01-25,45,3,3,2,34.85
1649,2025-03-24,93,44,3,1,286.21
1650,2025-12-07,110,48,1,4,653.21
1651,2025-10-28,25,49,1,1,117.63
1652,2025-03-27,3,9,2,1,196.09
1653,2025-10-19,85,23,4,3,880.15
1654,2025-02-08,160,18,1,2,496.49
1655,2026-01-15,96,22,2,2,364.86
1656,2025-11-07,30,26,4,2,905.12
1657,2025-12-11,117,18,4,2,555.1
1658,2025-03-02,177,31,4,3,1058.94
1659,2025-10-29,167,11,1,2,374.82
1660,2026-01-15,34,45,1,1,50.66
1661,2025-09-27,41,7,4,2,527.98
1662,2025-07-24,152,31,5,3,1156.44
1663,2025-09-06,174,29,2,3,953.3
1664,2025-03-20,157,25,3,1,358.1
1665,2025-10-03,157,2,2,2,381.82
1666,2025-04-29,124,32,1,1,170.09
1667,2025-11-06,106,29,1,1,393.58
1668,2025-07-20,17,17,3,2,599.33
1669,2025-12-04,4,46,5,2,227.91
1670,2025-07-12,197,48,5,1,138.05
1671,2025-08-08,186,37,2,2,429.88
1672,2025-06-13,172,22,5,3,565.05
1673,2025-10-19,134,45,5,1,49.87
1674,2025-07-29,25,28,2,1,88.06
1675,2025-02-09,124,23,4,1,253.14
1676,2025-11-20,39,36,5,2,658.93
1677,2025-11-27,14,1,2,3,833.48
1678,2025-06-27,130,31,4,4,1487.97
1679,2025-02-17,43,5,4,3,248.76
1680,2025-08-07,83,16,3,3,1256.19
1681,2025-02-18,72,4,5,3,1392.63
1682,2025-03-12,58,36,4,1,351.17
1683,2025-07-09,104,16,1,2,815.81
1684,2025-05-20,118,29,5,4,1534.31
1685,2025-02-19,115,6,4,2,457.01
1686,2025-10-12,115,21,1,1,27.81
1687,2026-01-13,128,48,1,3,430.37
1688,2025-04-12,27,26,4,4,1595.33
1689,2025-04-28,10,36,5,3,985.41
1690,2025-05-07,1,6,5,2,527.41
1691,2025-10-08,159,41,3,2,236.88
1692,2025-09-18,131,36,2,4,1440.21
1693,2025-07-06,168,43,4,3,1047.64
1694,2025-12-30,88,24,1,3,779.7
1695,2025-09-24,58,30,3,2,323.15
1696,2025-10-17,144,50,5,4,1322.58
1697,2025-07-23,154,31,3,2,714.68
1698,2025-06-16,184,29,1,3,1062.72
1699,2025-08-06,25,49,2,1,117.68
1700,2025-05-07,1,22,3,2,356.09
1701,2025-08-30,163,19,5,4,1357.54
1702,2025-05-05,134,24,1,4,1120.27
1703,2025-07-23,12,11,4,3,641.2
1704,2025-02-26,36,46,4,3,322.93
1705,2025-03-28,28,17,5,3,995.48
1706,2025-07-18,51,13,1,4,702.36
1707,2025-07-30,101,14,4,3,330.88
1708,2025-07-01,49,46,3,4,451.76
1709,2025-08-17,28,49,4,2,208.5
1710,2025-12-28,12,41,5,3,370.01
1711,2025-10-30,32,50,4,3,1094.9
1712,2026-01-06,118,43,5,2,589.06
1713,2025-03-08,130,9,4,2,346.27
1714,2025-11-22,2,34,1,1,282.3
1715,2025-04-09,142,28,5,4,367.03
1716,2025-06-03,124,33,2,4,1315.52
1717,2025-07-30,178,38,2,1,18.08
1718,2025-06-17,188,9,1,3,535.43
1719,2025-08-15,100,43,5,4,1177.99
1720,2026-01-01,156,21,5,1,26.46
1721,2025-12-25,99,27,5,3,307.8
1722,2025-09-15,178,49,2,1,119.32
1723,2025-05-25,71,26,3,1,439.4
1724,2025-10-25,76,29,2,3,1093.67
1725,2025-08-20,36,27,5,4,382.37
1726,2025-12-04,180,48,5,4,661.16
1727,2025-08-08,77,45,5,2,117.38
1728,2026-01-01,81,46,5,1,97.52
1729,2025-11-07,162,14,2,3,346.57
1730,2025-02-26,54,40,3,2,510.94
1731,2025-03-16,176,23,2,2,510.04
1732,2025-12-13,182,42,2,4,365.28
1733,2025-05-04,129,35,3,3,1263.33
1734,2025-07-11,182,8,3,3,1290.05
1735,2025-09-09,144,31,5,1,348.26
1736,2025-10-08,147,43,4,2,566.51
1737,2025-02-07,173,48,5,4,658.39
1738,2025-05-06,74,28,1,1,91.03
1739,2025-02-26,134,7,1,4,893.11
1740,2026-01-05,98,10,1,2,60.12
1741,2025-11-29,172,4,2,2,814.22
1742,2025-04-18,69,49,2,3,323.97
1743,2025-05-23,74,44,3,1,293.65
1744,2025-06-28,38,4,3,3,1219.34
1745,2025-02-27,53,49,5,2,241.51
1746,2025-03-18,9,23,4,4,1068.63
1747,2025-08-13,27,40,5,3,737.12
1748,2025-09-03,58,48,5,3,399.63
1749,2025-11-03,100,16,5,2,876.6
1750,2025-09-09,179,19,1,4,1475.57
1751,2025-11-17,98,25,4,3,1093.61
1752,2025-07-31,176,21,5,1,26.89
1753,2025-03-10,14,1,3,2,591.63
1754,2025-06-08,52,40,4,3,693.56
1755,2025-11-22,58,41,3,1,122.07
1756,2025-12-08,194,38,5,2,37.15
1757,2025-07-24,190,39,2,2,40.75
1758,2025-09-03,199,47,2,1,149.81
1759,2025-04-27,76,29,2,1,350.25
1760,2025-06-15,175,5,2,3,257.83
1761,2026-01-10,45,48,5,3,467.68
1762,2026-01-19,31,25,1,2,796.27
1763,2025-06-27,110,18,5,3,733.76
1764,2025-12-11,68,9,2,3,539.34
1765,2025-11-29,150,17,1,4,1127.1
1766,2025-12-01,85,30,2,4,631.88
1767,2025-06-16,11,10,3,2,52.98
1768,2026-01-14,153,4,5,2,813.95
1769,2025-10-04,170,20,4,1,395.77
1770,2025-02-22,147,36,3,2,656.49
1771,2025-11-29,19,46,3,1,103.94
1772,2025-06-29,135,15,2,1,68.57
1773,2025-05-04,134,5,5,1,93.76
1774,2025-02-26,41,27,5,2,172.07
1775,2025-06-15,138,26,1,3,1269.15
1776,2025-03-11,90,15,2,2,112.35
1777,2025-06-23,170,22,3,2,396.21
1778,2026-01-22,93,19,2,1,318.98
1779,2025-06-27,193,40,5,4,943.6
1780,2026-01-11,122,36,1,1,309.37
1781,2025-02-02,30,43,3,4,1198.66
1782,2025-06-07,115,16,5,3,1254.12
1783,2025-09-15,160,16,1,1,438.27
1784,2025-08-31,175,21,4,1,30.55
1785,2025-12-27,30,25,3,1,348.86
1786,2026-01-03,139,47,3,4,647.43
1787,2025-03-07,7,34,3,1,259.65
1788,2025-06-15,132,33,4,1,325.36
1789,2026-01-19,125,3,3,1,16.4
1790,2025-03-12,167,13,3,3,497.74
1791,2025-03-03,132,6,1,1,225.14
1792,2025-04-30,43,50,5,4,1433.1
1793,2025-02-16,137,1,1,4,1125.0
1794,2025-02-10,54,43,2,1,336.33
1795,2025-08-29,176,28,1,4,372.38
1796,2025-12-06,53,35,4,1,433.49
1797,2025-11-04,166,5,2,3,279.42
1798,2025-10-17,7,30,3,1,183.12
1799,2025-05-21,10,6,1,2,449.68
1800,2025-05-17,14,12,3,4,1750.31
1801,2025-08-11,143,5,5,2,162.07
1802,2025-05-29,59,17,4,3,847.44
1803,2025-11-26,100,29,4,1,334.39
1804,2025-06-22,111,21,1,4,112.09
1805,2025-04-15,100,44,1,4,1140.44
1806,2025-10-05,137,1,5,4,1193.31
1807,2025-05-15,17,49,5,4,467.66
1808,2026-01-08,12,45,1,3,162.34
1809,2025-07-30,92,33,1,1,350.3
1810,2025-05-01,75,44,3,3,941.28
1811,2025-09-25,156,6,3,3,662.06
1812,2025-06-11,196,29,4,1,375.69
1813,2026-01-26,102,43,1,4,1179.39
1814,2025-04-12,122,11,5,3,597.0
1815,2025-04-24,57,9,4,3,550.21
1816,2025-08-12,140,19,2,1,329.96
1817,2025-12-13,77,44,3,4,1079.0
1818,2025-12-16,3,36,5,4,1399.93
1819,2026-01-28,37,8,1,4,1868.69
1820,2025-03-08,2,37,5,3,661.6
1821,2026-01-25,101,35,5,4,1702.14
1822,2025-12-03,22,20,2,1,439.79
1823,2025-09-21,192,48,3,3,422.7
1824,2025-09-09,55,27,5,4,413.06
1825,2025-03-15,37,11,2,1,198.55
1826,2025-02-08,57,40,3,3,744.18
1827,2025-03-09,50,8,2,1,478.55
1828,2025-09-04,172,37,1,2,498.48
1829,2026-01-04,193,36,4,2,675.77
1830,2025-02-27,166,36,1,3,898.93
1831,2025-11-12,75,43,1,3,878.3
1832,2025-08-09,65,7,2,2,475.02
1833,2025-07-27,186,38,4,1,21.03
1834,2026-01-26,85,23,2,2,588.31
1835,2025-07-30,172,42,2,4,375.76
1836,2025-09-03,26,19,5,3,1123.44
1837,2025-05-21,18,13,3,1,182.86
1838,2025-08-20,125,29,3,4,1476.54
1839,2025-03-08,158,43,3,3,975.28
1840,2025-09-26,178,38,2,4,87.32
1841,2025-02-02,145,37,3,3,673.5
1842,2025-07-23,81,28,2,3,268.68
1843,2025-12-29,2,21,2,2,58.52
1844,2025-07-29,57,46,4,3,331.48
1845,2025-08-07,71,24,2,3,825.91
1846,2025-03-21,174,47,3,4,666.6
1847,2025-07-26,123,30,4,2,326.91
1848,2025-10-29,92,50,3,3,1159.93
1849,2025-12-15,125,36,1,3,903.74
1850,2025-02-25,45,42,5,4,360.26
1851,2025-03-23,21,18,2,2,563.24
1852,2026-01-02,138,13,3,3,591.95
1853,2025-10-30,188,41,1,2,244.81
1854,2025-10-23,187,5,1,3,254.6
1855,2025-03-20,130,41,1,1,113.6
1856,2026-01-19,149,38,4,1,18.59
1857,2025-09-11,197,38,2,4,81.65
1858,2025-02-02,10,36,3,2,635.53
1859,2025-09-25,140,35,4,2,844.73
1860,2025-05-10,168,50,2,2,729.74
1861,2025-08-12,94,26,2,1,435.91
1862,2025-02-15,198,38,3,4,79.0
1863,2025-08-29,35,30,5,1,173.14
1864,2025-03-29,131,6,4,2,471.77
1865,2025-04-27,94,33,1,1,351.71
1866,2025-11-19,170,16,5,1,439.19
1867,2025-06-03,176,11,5,4,815.71
1868,2025-11-01,36,29,2,4,1352.56
1869,2025-06-11,46,37,5,4,960.85
1870,2026-01-17,169,10,4,2,56.5
1871,2025-12-23,92,3,2,1,19.77
1872,2025-02-17,195,32,2,3,418.79
1873,2025-08-21,17,17,3,1,325.41
1874,2025-12-20,60,3,2,1,18.3
1875,2026-01-09,133,24,4,4,1053.05
1876,2025-07-13,121,30,1,3,529.42
1877,2025-10-10,11,42,3,2,213.58
1878,2025-12-25,27,46,5,1,99.06
1879,2025-02-02,163,18,3,4,993.08
1880,2025-06-06,149,35,5,2,792.02
1881,2025-04-01,45,25,4,4,1519.13
1882,2025-05-18,94,38,1,1,21.33
1883,2025-08-08,133,17,4,2,549.88
1884,2025-11-18,58,34,4,3,812.32
1885,2025-03-29,91,23,4,1,261.32
1886,2025-02-19,124,39,1,2,44.11
1887,2025-09-18,129,9,4,3,553.8
1888,2025-04-21,43,15,1,2,135.86
1889,2025-11-14,132,42,3,2,198.63
1890,2025-08-16,55,10,2,3,94.51
1891,2025-06-27,41,24,5,2,561.09
1892,2025-04-12,184,8,2,2,931.9
1893,2025-04-10,107,22,1,2,352.68
1894,2026-01-30,124,44,4,1,297.38
1895,2026-01-01,123,14,5,1,98.68
1896,2025-12-30,42,42,4,2,185.48
1897,2025-07-30,6,16,1,2,790.38
1898,2025-12-26,33,37,5,1,263.55
1899,2025-02-25,42,9,5,4,642.48
1900,2025-04-25,11,37,2,2,484.97
1901,2025-12-14,15,11,3,3,604.07
1902,2025-02-23,47,34,4,3,838.84
1903,2025-03-15,154,37,1,2,515.25
1904,2025-07-09,185,47,3,4,636.38
1905,2025-06-03,22,14,4,1,106.26
1906,2025-08-27,156,31,4,2,851.26
1907,2025-03-29,44,15,4,3,172.71
1908,2025-11-19,154,10,5,2,54.91
1909,2025-12-06,197,12,5,1,428.72
1910,2025-12-19,169,33,3,3,987.1
1911,2025-11-05,43,47,3,1,139.84
1912,2025-04-03,117,39,5,2,40.77
1913,2026-01-03,18,15,4,4,266.33
1914,2025-04-16,99,9,1,4,775.3
1915,2025-08-07,5,13,5,3,594.26
1916,2025-08-01,130,44,4,3,853.71
1917,2025-07-13,39,39,1,2,50.32
1918,2025-08-26,46,31,5,2,769.81
1919,2025-05-08,154,3,5,3,56.67
1920,2025-06-06,129,49,1,1,109.6
1921,2025-12-24,24,31,2,2,820.72
1922,2026-01-07,155,35,1,1,404.06
1923,2025-03-31,199,44,4,2,605.72
1924,2025-03-18,134,27,3,1,86.75
1925,2026-01-02,12,45,5,4,245.26
1926,2025-05-09,110,15,4,3,196.82
1927,2025-03-28,197,25,3,4,1327.2
1928,2025-04-11,151,48,5,1,149.36
1929,2025-05-09,26,28,2,4,428.11
1930,2025-05-31,66,31,2,4,1653.84
1931,2025-07-05,22,19,5,3,1082.37
1932,2026-01-10,140,27,3,1,89.03
1933,2025-07-20,49,1,1,1,297.48
1934,2025-02-04,148,34,1,2,527.32
1935,2025-04-24,134,1,4,3,738.43
1936,2025-02-02,168,14,3,1,106.24
1937,2025-09-13,105,24,1,2,535.7
1938,2025-04-13,40,28,5,2,197.52
1939,2025-09-17,65,17,5,1,293.29
1940,2025-08-29,109,37,3,1,223.38
1941,2025-08-11,157,18,4,3,743.46
1942,2025-08-24,194,14,4,4,451.83
1943,2025-03-05,142,36,4,3,1038.43
1944,2025-11-12,46,24,5,1,257.84
1945,2025-08-07,143,31,3,2,774.5
1946,2025-06-08,79,37,3,4,961.79
1947,2025-02-14,199,46,4,3,294.89
1948,2025-11-06,189,9,1,4,740.69
1949,2025-08-23,192,15,4,2,131.93
1950,2025-07-27,180,11,1,3,565.83
1951,2025-03-14,55,33,4,1,334.1
1952,2025-06-01,87,36,5,1,297.45
1953,2025-09-18,179,44,1,1,253.13
1954,2025-12-16,42,25,1,4,1389.07
1955,2026-01-04,24,10,4,1,27.27
1956,2025-05-06,154,28,1,4,405.2
1957,2026-01-08,17,17,2,1,297.41
1958,2025-07-03,95,6,5,2,484.53
1959,2025-11-02,10,47,4,2,281.52
1960,2025-05-13,103,40,5,1,224.36
1961,2025-04-15,74,46,5,2,222.84
1962,2025-09-12,15,50,2,4,1627.56
1963,2025-03-20,164,32,4,3,418.77
1964,2025-08-25,3,13,5,3,536.8
1965,2025-10-06,74,13,1,3,487.63
1966,2025-02-27,154,33,5,1,344.83
1967,2025-07-25,179,15,5,4,258.22
1968,2025-08-01,44,44,1,3,824.89
1969,2025-11-26,93,16,1,3,1248.89
1970,2025-04-18,41,6,3,1,230.38
1971,2025-06-12,200,26,3,3,1420.39
1972,2025-07-05,172,26,4,3,1476.5
1973,2026-01-23,151,13,5,1,183.0
1974,2025-03-19,4,48,1,2,301.43
1975,2025-08-09,24,36,3,2,639.3
1976,2025-03-22,186,36,5,1,320.15
1977,2025-06-25,90,23,3,2,545.45
1978,2026-01-15,58,39,2,2,47.09
1979,2026-01-03,117,26,5,3,1406.49
1980,2025-11-27,2,17,2,2,562.74
1981,2025-08-19,105,33,1,1,349.03
1982,2025-11-29,144,5,5,4,336.84
1983,2025-04-10,76,22,1,1,176.23
1984,2025-02-03,132,17,5,2,643.26
1985,2025-03-22,148,17,4,4,1328.41
1986,2025-10-28,97,37,4,2,452.67
1987,2025-05-10,198,16,3,4,1502.82
1988,2025-12-02,199,30,4,4,602.07
1989,2025-09-23,151,2,4,1,204.85
1990,2025-08-25,30,17,1,3,880.98
1991,2025-12-02,98,41,2,4,500.92
1992,2025-11-04,174,45,2,3,182.8
1993,2025-08-03,81,27,3,4,403.79
1994,2025-05-12,133,35,1,2,889.36
1995,2025-07-13,180,17,2,4,1244.45
1996,2025-06-15,74,6,4,1,261.65
1997,2025-11-06,173,48,3,2,287.06
1998,2025-06-04,20,36,2,2,668.73
1999,2025-03-24,122,21,3,4,115.09
2000,2025-03-21,56,37,3,3,693.03
